model,n_samples,corr_pred_past,corr_pred_past_pvalue,corr_signal,avg_pred_past_positive,avg_pred_past_negative,conditional_signal,sign_flip_rate,sign_flip_signal,hurst_exponent,hurst_signal,pred_autocorr,autocorr_signal,mr_votes,mom_votes,neither_votes,final_pattern,horizon_analysis,model_type,file
long_term_forecast_WTI-log_Autoformer_pl5_Autoformer_custom_ftMS_sl512_ll48_pl5_dm64_nh4_el2_dl1_df128_expand2_dc4_fc1_ebtimeF_dtTrue_ModelComparison_0,2133,0.07292789128590267,0.0007829312486698594,Momentum,0.0003726041799444608,0.0001493620985023854,Momentum,0.4754485363550519,Neither,1.0250371506490645,Momentum,0.8280728456674072,Momentum,0,4,1,Momentum,"[{'horizon': 0, 'corr': np.float64(0.07292789128590267), 'pattern': 'Mom'}, {'horizon': 1, 'corr': np.float64(0.10398247739247561), 'pattern': 'Mom'}, {'horizon': 2, 'corr': np.float64(0.13078908128728578), 'pattern': 'Mom'}, {'horizon': 3, 'corr': np.float64(0.15137266020705906), 'pattern': 'Mom'}, {'horizon': 4, 'corr': np.float64(0.19057760079139646), 'pattern': 'Mom'}]",Autoformer,./results_WTI_trading_extend_20251128_183138/long_term_forecast_WTI-log_Autoformer_pl5_Autoformer_custom_ftMS_sl512_ll48_pl5_dm64_nh4_el2_dl1_df128_expand2_dc4_fc1_ebtimeF_dtTrue_ModelComparison_0/data_table.csv
long_term_forecast_WTI-log_Autoformer_pl5_Autoformer_custom_ftMS_sl512_ll48_pl5_dm64_nh4_el2_dl1_df128_expand2_dc4_fc1_ebtimeF_dtTrue_ModelComparison_1,2133,0.0002780783735497371,0.9897952595142318,Neither,0.00018501844360342738,0.00011637303510361613,Momentum,0.4886685552407932,Neither,0.9517769713674847,Momentum,0.5962403991016899,Momentum,0,3,2,Momentum,"[{'horizon': 0, 'corr': np.float64(0.0002780783735497371), 'pattern': 'N'}, {'horizon': 1, 'corr': np.float64(0.05513175475351183), 'pattern': 'Mom'}, {'horizon': 2, 'corr': np.float64(0.09850848857139956), 'pattern': 'Mom'}, {'horizon': 3, 'corr': np.float64(0.11120059077736605), 'pattern': 'Mom'}, {'horizon': 4, 'corr': np.float64(0.2125091399402913), 'pattern': 'Mom'}]",Autoformer,./results_WTI_trading_extend_20251128_183138/long_term_forecast_WTI-log_Autoformer_pl5_Autoformer_custom_ftMS_sl512_ll48_pl5_dm64_nh4_el2_dl1_df128_expand2_dc4_fc1_ebtimeF_dtTrue_ModelComparison_1/data_table.csv
long_term_forecast_WTI-log_Autoformer_pl5_Autoformer_custom_ftMS_sl512_ll48_pl5_dm64_nh4_el2_dl1_df128_expand2_dc4_fc1_ebtimeF_dtTrue_ModelComparison_2,2133,0.043852001333730246,0.04359913038357007,Momentum,0.00036512589703429157,0.00010839236699124721,Momentum,0.4796978281397545,Neither,1.0180175619356662,Momentum,0.8257348018867663,Momentum,0,4,1,Momentum,"[{'horizon': 0, 'corr': np.float64(0.043852001333730246), 'pattern': 'Mom'}, {'horizon': 1, 'corr': np.float64(0.059173609979964674), 'pattern': 'Mom'}, {'horizon': 2, 'corr': np.float64(0.11161806943678361), 'pattern': 'Mom'}, {'horizon': 3, 'corr': np.float64(0.1548724658516713), 'pattern': 'Mom'}, {'horizon': 4, 'corr': np.float64(0.193578101798038), 'pattern': 'Mom'}]",Autoformer,./results_WTI_trading_extend_20251128_183138/long_term_forecast_WTI-log_Autoformer_pl5_Autoformer_custom_ftMS_sl512_ll48_pl5_dm64_nh4_el2_dl1_df128_expand2_dc4_fc1_ebtimeF_dtTrue_ModelComparison_2/data_table.csv
long_term_forecast_WTI-log_Crossformer_pl5_Crossformer_custom_ftMS_sl512_ll48_pl5_dm64_nh4_el2_dl1_df128_expand2_dc4_fc1_ebtimeF_dtTrue_ModelComparison_0,2133,0.00540580316003496,0.8036397407083787,Neither,2.2554408711799506e-05,2.2364438481128774e-05,Momentum,0.48441926345609065,Neither,0.7685934911620745,Momentum,0.18761318618038408,Momentum,0,3,2,Momentum,"[{'horizon': 0, 'corr': np.float64(0.00540580316003496), 'pattern': 'N'}, {'horizon': 1, 'corr': np.float64(-0.022570523019330088), 'pattern': 'N'}, {'horizon': 2, 'corr': np.float64(-0.022014785193354085), 'pattern': 'N'}, {'horizon': 3, 'corr': np.float64(0.048187234221380056), 'pattern': 'Mom'}, {'horizon': 4, 'corr': np.float64(-0.03563093534026543), 'pattern': 'MR'}]",Crossformer,./results_WTI_trading_extend_20251128_183138/long_term_forecast_WTI-log_Crossformer_pl5_Crossformer_custom_ftMS_sl512_ll48_pl5_dm64_nh4_el2_dl1_df128_expand2_dc4_fc1_ebtimeF_dtTrue_ModelComparison_0/data_table.csv
long_term_forecast_WTI-log_Crossformer_pl5_Crossformer_custom_ftMS_sl512_ll48_pl5_dm64_nh4_el2_dl1_df128_expand2_dc4_fc1_ebtimeF_dtTrue_ModelComparison_1,2133,-0.19419015578121823,1.9214393610171205e-19,Mean-Reversion,-0.00010726991178164874,9.252410955612868e-06,Mean-Reversion,0.5679886685552408,Mean-Reversion,0.6959246464344778,Momentum,0.23358031783314012,Momentum,3,2,0,Mean-Reversion,"[{'horizon': 0, 'corr': np.float64(-0.19419015578121823), 'pattern': 'MR'}, {'horizon': 1, 'corr': np.float64(-0.11876678412577361), 'pattern': 'MR'}, {'horizon': 2, 'corr': np.float64(-0.04767189430281299), 'pattern': 'MR'}, {'horizon': 3, 'corr': np.float64(0.05224796497924314), 'pattern': 'Mom'}, {'horizon': 4, 'corr': np.float64(-0.1150875223923296), 'pattern': 'MR'}]",Crossformer,./results_WTI_trading_extend_20251128_183138/long_term_forecast_WTI-log_Crossformer_pl5_Crossformer_custom_ftMS_sl512_ll48_pl5_dm64_nh4_el2_dl1_df128_expand2_dc4_fc1_ebtimeF_dtTrue_ModelComparison_1/data_table.csv
long_term_forecast_WTI-log_Crossformer_pl5_Crossformer_custom_ftMS_sl512_ll48_pl5_dm64_nh4_el2_dl1_df128_expand2_dc4_fc1_ebtimeF_dtTrue_ModelComparison_2,2133,0.08654020738381758,6.6671314718644e-05,Momentum,-0.0009596387321590331,-0.0009971670673467436,Mean-Reversion,0.550519357884797,Mean-Reversion,0.6751369318707999,Momentum,0.0015413879999375156,Neither,2,2,1,Mixed/Unclear,"[{'horizon': 0, 'corr': np.float64(0.08654020738381758), 'pattern': 'Mom'}, {'horizon': 1, 'corr': np.float64(-0.08104515972097974), 'pattern': 'MR'}, {'horizon': 2, 'corr': np.float64(-0.049688247790088014), 'pattern': 'MR'}, {'horizon': 3, 'corr': np.float64(0.03615284266436846), 'pattern': 'Mom'}, {'horizon': 4, 'corr': np.float64(-0.07686487824738066), 'pattern': 'MR'}]",Crossformer,./results_WTI_trading_extend_20251128_183138/long_term_forecast_WTI-log_Crossformer_pl5_Crossformer_custom_ftMS_sl512_ll48_pl5_dm64_nh4_el2_dl1_df128_expand2_dc4_fc1_ebtimeF_dtTrue_ModelComparison_2/data_table.csv
long_term_forecast_WTI-log_DLinear_pl5_DLinear_custom_ftMS_sl512_ll48_pl5_dm512_nh8_el2_dl1_df2048_expand2_dc4_fc1_ebtimeF_dtTrue_ModelComparison_0,2133,-0.047261767905501594,0.029630125224264482,Mean-Reversion,-0.0001507205184250576,0.0001010865123071599,Mean-Reversion,0.5080264400377715,Neither,0.7846059136292322,Momentum,0.10656247155719724,Momentum,2,2,1,Mixed/Unclear,"[{'horizon': 0, 'corr': np.float64(-0.047261767905501594), 'pattern': 'MR'}, {'horizon': 1, 'corr': np.float64(-0.13830393706978752), 'pattern': 'MR'}, {'horizon': 2, 'corr': np.float64(-0.013043254269842755), 'pattern': 'N'}, {'horizon': 3, 'corr': np.float64(0.1627949717435069), 'pattern': 'Mom'}, {'horizon': 4, 'corr': np.float64(0.027509916710136216), 'pattern': 'N'}]",DLinear,./results_WTI_trading_extend_20251128_183138/long_term_forecast_WTI-log_DLinear_pl5_DLinear_custom_ftMS_sl512_ll48_pl5_dm512_nh8_el2_dl1_df2048_expand2_dc4_fc1_ebtimeF_dtTrue_ModelComparison_0/data_table.csv
long_term_forecast_WTI-log_DLinear_pl5_DLinear_custom_ftMS_sl512_ll48_pl5_dm512_nh8_el2_dl1_df2048_expand2_dc4_fc1_ebtimeF_dtTrue_ModelComparison_1,2133,-0.09006961517911255,3.308056038543746e-05,Mean-Reversion,-0.0001766828819821655,0.0006158180388238512,Mean-Reversion,0.5273843248347497,Neither,0.789103057748083,Momentum,0.02815681326097425,Neither,2,1,2,Mixed/Unclear,"[{'horizon': 0, 'corr': np.float64(-0.09006961517911255), 'pattern': 'MR'}, {'horizon': 1, 'corr': np.float64(-0.03473492968097771), 'pattern': 'MR'}, {'horizon': 2, 'corr': np.float64(0.012956069876696385), 'pattern': 'N'}, {'horizon': 3, 'corr': np.float64(0.03567879040374656), 'pattern': 'Mom'}, {'horizon': 4, 'corr': np.float64(0.02773238007797853), 'pattern': 'N'}]",DLinear,./results_WTI_trading_extend_20251128_183138/long_term_forecast_WTI-log_DLinear_pl5_DLinear_custom_ftMS_sl512_ll48_pl5_dm512_nh8_el2_dl1_df2048_expand2_dc4_fc1_ebtimeF_dtTrue_ModelComparison_1/data_table.csv
long_term_forecast_WTI-log_DLinear_pl5_DLinear_custom_ftMS_sl512_ll48_pl5_dm512_nh8_el2_dl1_df2048_expand2_dc4_fc1_ebtimeF_dtTrue_ModelComparison_2,2133,-0.07867794694858729,0.00028965850256571207,Mean-Reversion,-0.00019753869276889236,0.0005574026151673458,Mean-Reversion,0.5169971671388102,Neither,0.7853484368497905,Momentum,0.03270357883842774,Momentum,2,2,1,Mixed/Unclear,"[{'horizon': 0, 'corr': np.float64(-0.07867794694858729), 'pattern': 'MR'}, {'horizon': 1, 'corr': np.float64(-0.02434275959576812), 'pattern': 'N'}, {'horizon': 2, 'corr': np.float64(0.004326455889107344), 'pattern': 'N'}, {'horizon': 3, 'corr': np.float64(0.03202955211255858), 'pattern': 'Mom'}, {'horizon': 4, 'corr': np.float64(0.03308648550391058), 'pattern': 'Mom'}]",DLinear,./results_WTI_trading_extend_20251128_183138/long_term_forecast_WTI-log_DLinear_pl5_DLinear_custom_ftMS_sl512_ll48_pl5_dm512_nh8_el2_dl1_df2048_expand2_dc4_fc1_ebtimeF_dtTrue_ModelComparison_2/data_table.csv
long_term_forecast_WTI-log_FEDformer_pl5_FEDformer_custom_ftMS_sl512_ll48_pl5_dm64_nh4_el2_dl1_df128_expand2_dc4_fc1_ebtimeF_dtTrue_ModelComparison_0,2133,0.08091283398164607,0.0001932630087147371,Momentum,5.4849087282065286e-05,-8.283095059674316e-05,Momentum,0.4976392823418319,Neither,1.010503775947862,Momentum,0.7674101332573323,Momentum,0,4,1,Momentum,"[{'horizon': 0, 'corr': np.float64(0.08091283398164607), 'pattern': 'Mom'}, {'horizon': 1, 'corr': np.float64(0.150699239829029), 'pattern': 'Mom'}, {'horizon': 2, 'corr': np.float64(0.16955099908460014), 'pattern': 'Mom'}, {'horizon': 3, 'corr': np.float64(0.18503068287030355), 'pattern': 'Mom'}, {'horizon': 4, 'corr': np.float64(0.21865874141969993), 'pattern': 'Mom'}]",FEDformer,./results_WTI_trading_extend_20251128_183138/long_term_forecast_WTI-log_FEDformer_pl5_FEDformer_custom_ftMS_sl512_ll48_pl5_dm64_nh4_el2_dl1_df128_expand2_dc4_fc1_ebtimeF_dtTrue_ModelComparison_0/data_table.csv
long_term_forecast_WTI-log_FEDformer_pl5_FEDformer_custom_ftMS_sl512_ll48_pl5_dm64_nh4_el2_dl1_df128_expand2_dc4_fc1_ebtimeF_dtTrue_ModelComparison_1,2133,0.040671521935502004,0.061283660845981136,Momentum,0.00034309241086877084,6.838914465246312e-05,Momentum,0.48630783758262514,Neither,1.0232768431467714,Momentum,0.8543768135766325,Momentum,0,4,1,Momentum,"[{'horizon': 0, 'corr': np.float64(0.040671521935502004), 'pattern': 'Mom'}, {'horizon': 1, 'corr': np.float64(0.08162992466599238), 'pattern': 'Mom'}, {'horizon': 2, 'corr': np.float64(0.10723111698545229), 'pattern': 'Mom'}, {'horizon': 3, 'corr': np.float64(0.12031568525487593), 'pattern': 'Mom'}, {'horizon': 4, 'corr': np.float64(0.17060731407372126), 'pattern': 'Mom'}]",FEDformer,./results_WTI_trading_extend_20251128_183138/long_term_forecast_WTI-log_FEDformer_pl5_FEDformer_custom_ftMS_sl512_ll48_pl5_dm64_nh4_el2_dl1_df128_expand2_dc4_fc1_ebtimeF_dtTrue_ModelComparison_1/data_table.csv
long_term_forecast_WTI-log_FEDformer_pl5_FEDformer_custom_ftMS_sl512_ll48_pl5_dm64_nh4_el2_dl1_df128_expand2_dc4_fc1_ebtimeF_dtTrue_ModelComparison_2,2133,0.03936528310820801,0.07009579572859202,Momentum,0.0004673447183303823,0.00030482932112665766,Momentum,0.4740321057601511,Neither,1.0088795065249034,Momentum,0.8620067406574452,Momentum,0,4,1,Momentum,"[{'horizon': 0, 'corr': np.float64(0.03936528310820801), 'pattern': 'Mom'}, {'horizon': 1, 'corr': np.float64(0.05364856676085051), 'pattern': 'Mom'}, {'horizon': 2, 'corr': np.float64(0.08792209357708113), 'pattern': 'Mom'}, {'horizon': 3, 'corr': np.float64(0.1432638746488309), 'pattern': 'Mom'}, {'horizon': 4, 'corr': np.float64(0.19005360304847013), 'pattern': 'Mom'}]",FEDformer,./results_WTI_trading_extend_20251128_183138/long_term_forecast_WTI-log_FEDformer_pl5_FEDformer_custom_ftMS_sl512_ll48_pl5_dm64_nh4_el2_dl1_df128_expand2_dc4_fc1_ebtimeF_dtTrue_ModelComparison_2/data_table.csv
long_term_forecast_WTI-log_Informer_pl5_Informer_custom_ftMS_sl512_ll48_pl5_dm64_nh4_el2_dl1_df128_expand2_dc4_fc3_ebtimeF_dtTrue_ModelComparison_0,2133,0.12206029070701466,1.7486331134094545e-08,Momentum,0.0023258971051223617,0.0012096194674194292,Momentum,0.4183191690273843,Momentum,0.8027248944509969,Momentum,0.9637007885133136,Momentum,0,5,0,Momentum,"[{'horizon': 0, 'corr': np.float64(0.12206029070701466), 'pattern': 'Mom'}, {'horizon': 1, 'corr': np.float64(0.11247822649276382), 'pattern': 'Mom'}, {'horizon': 2, 'corr': np.float64(0.09319920580362578), 'pattern': 'Mom'}, {'horizon': 3, 'corr': np.float64(0.10106487764943531), 'pattern': 'Mom'}, {'horizon': 4, 'corr': np.float64(0.1016779892436874), 'pattern': 'Mom'}]",Informer,./results_WTI_trading_extend_20251128_183138/long_term_forecast_WTI-log_Informer_pl5_Informer_custom_ftMS_sl512_ll48_pl5_dm64_nh4_el2_dl1_df128_expand2_dc4_fc3_ebtimeF_dtTrue_ModelComparison_0/data_table.csv
long_term_forecast_WTI-log_Informer_pl5_Informer_custom_ftMS_sl512_ll48_pl5_dm64_nh4_el2_dl1_df128_expand2_dc4_fc3_ebtimeF_dtTrue_ModelComparison_1,2133,0.1373726771942032,2.1740261930924567e-10,Momentum,0.0013556946036422444,0.00032918957545391447,Momentum,0.4235127478753541,Momentum,0.7787119886202085,Momentum,0.8353936578927051,Momentum,0,5,0,Momentum,"[{'horizon': 0, 'corr': np.float64(0.1373726771942032), 'pattern': 'Mom'}, {'horizon': 1, 'corr': np.float64(0.1598156903381762), 'pattern': 'Mom'}, {'horizon': 2, 'corr': np.float64(0.12775594818805333), 'pattern': 'Mom'}, {'horizon': 3, 'corr': np.float64(0.12372005322883012), 'pattern': 'Mom'}, {'horizon': 4, 'corr': np.float64(0.10651199792665415), 'pattern': 'Mom'}]",Informer,./results_WTI_trading_extend_20251128_183138/long_term_forecast_WTI-log_Informer_pl5_Informer_custom_ftMS_sl512_ll48_pl5_dm64_nh4_el2_dl1_df128_expand2_dc4_fc3_ebtimeF_dtTrue_ModelComparison_1/data_table.csv
long_term_forecast_WTI-log_Informer_pl5_Informer_custom_ftMS_sl512_ll48_pl5_dm64_nh4_el2_dl1_df128_expand2_dc4_fc3_ebtimeF_dtTrue_ModelComparison_2,2133,0.12594864412642945,6.022667726003365e-09,Momentum,0.0015999215878543546,0.00034695916443503805,Momentum,0.4126534466477809,Momentum,0.8494259083126998,Momentum,0.9840354913397047,Momentum,0,5,0,Momentum,"[{'horizon': 0, 'corr': np.float64(0.12594864412642945), 'pattern': 'Mom'}, {'horizon': 1, 'corr': np.float64(0.1250932907807818), 'pattern': 'Mom'}, {'horizon': 2, 'corr': np.float64(0.12419126744379295), 'pattern': 'Mom'}, {'horizon': 3, 'corr': np.float64(0.106621152434278), 'pattern': 'Mom'}, {'horizon': 4, 'corr': np.float64(0.09070376819315809), 'pattern': 'Mom'}]",Informer,./results_WTI_trading_extend_20251128_183138/long_term_forecast_WTI-log_Informer_pl5_Informer_custom_ftMS_sl512_ll48_pl5_dm64_nh4_el2_dl1_df128_expand2_dc4_fc3_ebtimeF_dtTrue_ModelComparison_2/data_table.csv
long_term_forecast_WTI-log_iTransformer_pl5_iTransformer_custom_ftMS_sl512_ll48_pl5_dm64_nh4_el2_dl1_df64_expand2_dc4_fc1_ebtimeF_dtTrue_ModelComparison_0,2133,0.15277428991230366,1.5682437301387421e-12,Momentum,0.0009554598642974779,0.00019878262833335978,Momentum,0.4721435316336166,Neither,0.799772990191399,Momentum,0.4777648800383846,Momentum,0,4,1,Momentum,"[{'horizon': 0, 'corr': np.float64(0.15277428991230366), 'pattern': 'Mom'}, {'horizon': 1, 'corr': np.float64(0.03618204192411101), 'pattern': 'Mom'}, {'horizon': 2, 'corr': np.float64(0.08732836419175197), 'pattern': 'Mom'}, {'horizon': 3, 'corr': np.float64(0.04897562758353653), 'pattern': 'Mom'}, {'horizon': 4, 'corr': np.float64(0.007775948649926928), 'pattern': 'N'}]",iTransformer,./results_WTI_trading_extend_20251128_183138/long_term_forecast_WTI-log_iTransformer_pl5_iTransformer_custom_ftMS_sl512_ll48_pl5_dm64_nh4_el2_dl1_df64_expand2_dc4_fc1_ebtimeF_dtTrue_ModelComparison_0/data_table.csv
long_term_forecast_WTI-log_iTransformer_pl5_iTransformer_custom_ftMS_sl512_ll48_pl5_dm64_nh4_el2_dl1_df64_expand2_dc4_fc1_ebtimeF_dtTrue_ModelComparison_1,2133,-0.05531115621187955,0.010897716093051442,Mean-Reversion,-1.536068941631063e-06,0.0002354277536369346,Mean-Reversion,0.5132200188857413,Neither,0.7822819879650639,Momentum,0.11443884252167438,Momentum,2,2,1,Mixed/Unclear,"[{'horizon': 0, 'corr': np.float64(-0.05531115621187955), 'pattern': 'MR'}, {'horizon': 1, 'corr': np.float64(0.042117742196373556), 'pattern': 'Mom'}, {'horizon': 2, 'corr': np.float64(0.016071311177397324), 'pattern': 'N'}, {'horizon': 3, 'corr': np.float64(0.07231756724394575), 'pattern': 'Mom'}, {'horizon': 4, 'corr': np.float64(0.05239555302593225), 'pattern': 'Mom'}]",iTransformer,./results_WTI_trading_extend_20251128_183138/long_term_forecast_WTI-log_iTransformer_pl5_iTransformer_custom_ftMS_sl512_ll48_pl5_dm64_nh4_el2_dl1_df64_expand2_dc4_fc1_ebtimeF_dtTrue_ModelComparison_1/data_table.csv
long_term_forecast_WTI-log_iTransformer_pl5_iTransformer_custom_ftMS_sl512_ll48_pl5_dm64_nh4_el2_dl1_df64_expand2_dc4_fc1_ebtimeF_dtTrue_ModelComparison_2,2133,-0.05483698979057049,0.011599399765209146,Mean-Reversion,0.0003254498789981694,0.0006197472595963536,Momentum,0.506137865911237,Neither,0.7522963113955476,Momentum,-0.001848642814189481,Neither,1,2,2,Mixed/Unclear,"[{'horizon': 0, 'corr': np.float64(-0.05483698979057049), 'pattern': 'MR'}, {'horizon': 1, 'corr': np.float64(0.09533941423360145), 'pattern': 'Mom'}, {'horizon': 2, 'corr': np.float64(0.05378570534017904), 'pattern': 'Mom'}, {'horizon': 3, 'corr': np.float64(0.05808140501557332), 'pattern': 'Mom'}, {'horizon': 4, 'corr': np.float64(0.016318474105942306), 'pattern': 'N'}]",iTransformer,./results_WTI_trading_extend_20251128_183138/long_term_forecast_WTI-log_iTransformer_pl5_iTransformer_custom_ftMS_sl512_ll48_pl5_dm64_nh4_el2_dl1_df64_expand2_dc4_fc1_ebtimeF_dtTrue_ModelComparison_2/data_table.csv
long_term_forecast_WTI-log_Naive_pl5_Naive_custom_ftMS_sl512_ll48_pl5_dm512_nh8_el2_dl1_df2048_expand2_dc4_fc1_ebtimeF_dtTrue_ModelComparison_0,2133,0.25755675198678585,1.9379532294828163e-33,Momentum,0.00402806968128988,-0.0047203657216611005,Momentum,0.4230406043437205,Momentum,0.7594648485806904,Momentum,-0.024531331341797313,Neither,0,4,1,Momentum,"[{'horizon': 0, 'corr': np.float64(0.25755675198678585), 'pattern': 'Mom'}, {'horizon': 1, 'corr': np.float64(0.25752481774626507), 'pattern': 'Mom'}, {'horizon': 2, 'corr': np.float64(0.25754137908029195), 'pattern': 'Mom'}, {'horizon': 3, 'corr': np.float64(0.2575399790763276), 'pattern': 'Mom'}, {'horizon': 4, 'corr': np.float64(0.2575371206808086), 'pattern': 'Mom'}]",Naive,./results_WTI_trading_extend_20251128_183138/long_term_forecast_WTI-log_Naive_pl5_Naive_custom_ftMS_sl512_ll48_pl5_dm512_nh8_el2_dl1_df2048_expand2_dc4_fc1_ebtimeF_dtTrue_ModelComparison_0/data_table.csv
long_term_forecast_WTI-log_Naive_pl5_Naive_custom_ftMS_sl512_ll48_pl5_dm512_nh8_el2_dl1_df2048_expand2_dc4_fc1_ebtimeF_dtTrue_ModelComparison_1,2133,0.2575330491536851,1.9651292475688667e-33,Momentum,0.004030728177305524,-0.004720733234522087,Momentum,0.42162417374881966,Momentum,0.7595363238369429,Momentum,-0.024416090371283207,Neither,0,4,1,Momentum,"[{'horizon': 0, 'corr': np.float64(0.2575330491536851), 'pattern': 'Mom'}, {'horizon': 1, 'corr': np.float64(0.2575231021851733), 'pattern': 'Mom'}, {'horizon': 2, 'corr': np.float64(0.25750995809139393), 'pattern': 'Mom'}, {'horizon': 3, 'corr': np.float64(0.2575228668983006), 'pattern': 'Mom'}, {'horizon': 4, 'corr': np.float64(0.25754739211882477), 'pattern': 'Mom'}]",Naive,./results_WTI_trading_extend_20251128_183138/long_term_forecast_WTI-log_Naive_pl5_Naive_custom_ftMS_sl512_ll48_pl5_dm512_nh8_el2_dl1_df2048_expand2_dc4_fc1_ebtimeF_dtTrue_ModelComparison_1/data_table.csv
long_term_forecast_WTI-log_Naive_pl5_Naive_custom_ftMS_sl512_ll48_pl5_dm512_nh8_el2_dl1_df2048_expand2_dc4_fc1_ebtimeF_dtTrue_ModelComparison_2,2133,0.2575292333862885,1.9695393486597406e-33,Momentum,0.004028447960083587,-0.004721020123253234,Momentum,0.42162417374881966,Momentum,0.7595016542924794,Momentum,-0.024519143417460667,Neither,0,4,1,Momentum,"[{'horizon': 0, 'corr': np.float64(0.2575292333862885), 'pattern': 'Mom'}, {'horizon': 1, 'corr': np.float64(0.25753787954382257), 'pattern': 'Mom'}, {'horizon': 2, 'corr': np.float64(0.257573442220331), 'pattern': 'Mom'}, {'horizon': 3, 'corr': np.float64(0.2575523815976477), 'pattern': 'Mom'}, {'horizon': 4, 'corr': np.float64(0.2575171011303801), 'pattern': 'Mom'}]",Naive,./results_WTI_trading_extend_20251128_183138/long_term_forecast_WTI-log_Naive_pl5_Naive_custom_ftMS_sl512_ll48_pl5_dm512_nh8_el2_dl1_df2048_expand2_dc4_fc1_ebtimeF_dtTrue_ModelComparison_2/data_table.csv
long_term_forecast_WTI-log_PatchTST_pl5_PatchTST_custom_ftMS_sl512_ll48_pl5_dm64_nh4_el2_dl1_df128_expand2_dc4_fc1_ebtimeF_dtTrue_ModelComparison_0,2133,9.157903753401763e-05,0.9966392100177363,Neither,4.804623508665984e-05,0.00011349856460014449,Momentum,0.4966949952785647,Neither,0.7925273217663248,Momentum,0.2435093524036389,Momentum,0,3,2,Momentum,"[{'horizon': 0, 'corr': np.float64(9.157903753401763e-05), 'pattern': 'N'}, {'horizon': 1, 'corr': np.float64(-0.049769669239842516), 'pattern': 'MR'}, {'horizon': 2, 'corr': np.float64(0.03571982214253989), 'pattern': 'Mom'}, {'horizon': 3, 'corr': np.float64(0.01397721711839063), 'pattern': 'N'}, {'horizon': 4, 'corr': np.float64(-0.03339836729050565), 'pattern': 'MR'}]",PatchTST,./results_WTI_trading_extend_20251128_183138/long_term_forecast_WTI-log_PatchTST_pl5_PatchTST_custom_ftMS_sl512_ll48_pl5_dm64_nh4_el2_dl1_df128_expand2_dc4_fc1_ebtimeF_dtTrue_ModelComparison_0/data_table.csv
long_term_forecast_WTI-log_PatchTST_pl5_PatchTST_custom_ftMS_sl512_ll48_pl5_dm64_nh4_el2_dl1_df128_expand2_dc4_fc1_ebtimeF_dtTrue_ModelComparison_1,2133,-0.017659047319069046,0.41662895114495785,Neither,0.0001705547736810743,0.00034248788328458354,Momentum,0.4976392823418319,Neither,0.793748338912026,Momentum,0.3306823346355967,Momentum,0,3,2,Momentum,"[{'horizon': 0, 'corr': np.float64(-0.017659047319069046), 'pattern': 'N'}, {'horizon': 1, 'corr': np.float64(-0.13021033501978996), 'pattern': 'MR'}, {'horizon': 2, 'corr': np.float64(-0.0763223045552918), 'pattern': 'MR'}, {'horizon': 3, 'corr': np.float64(0.17195896794530427), 'pattern': 'Mom'}, {'horizon': 4, 'corr': np.float64(0.042066681681668515), 'pattern': 'Mom'}]",PatchTST,./results_WTI_trading_extend_20251128_183138/long_term_forecast_WTI-log_PatchTST_pl5_PatchTST_custom_ftMS_sl512_ll48_pl5_dm64_nh4_el2_dl1_df128_expand2_dc4_fc1_ebtimeF_dtTrue_ModelComparison_1/data_table.csv
long_term_forecast_WTI-log_PatchTST_pl5_PatchTST_custom_ftMS_sl512_ll48_pl5_dm64_nh4_el2_dl1_df128_expand2_dc4_fc1_ebtimeF_dtTrue_ModelComparison_2,2133,0.11032843012254982,3.5796218391548336e-07,Momentum,0.0013883724643369477,0.000920967197099018,Momentum,0.45042492917847027,Momentum,0.7544927981963457,Momentum,0.17660271802978433,Momentum,0,5,0,Momentum,"[{'horizon': 0, 'corr': np.float64(0.11032843012254982), 'pattern': 'Mom'}, {'horizon': 1, 'corr': np.float64(0.013985581945836814), 'pattern': 'N'}, {'horizon': 2, 'corr': np.float64(0.03475647857177641), 'pattern': 'Mom'}, {'horizon': 3, 'corr': np.float64(0.04915345956040858), 'pattern': 'Mom'}, {'horizon': 4, 'corr': np.float64(0.027973800737525107), 'pattern': 'N'}]",PatchTST,./results_WTI_trading_extend_20251128_183138/long_term_forecast_WTI-log_PatchTST_pl5_PatchTST_custom_ftMS_sl512_ll48_pl5_dm64_nh4_el2_dl1_df128_expand2_dc4_fc1_ebtimeF_dtTrue_ModelComparison_2/data_table.csv
long_term_forecast_WTI-log_TiDE_pl5_TiDE_custom_ftMS_sl512_ll48_pl5_dm64_nh8_el2_dl2_df128_expand2_dc4_fc1_ebtimeF_dtTrue_ModelComparison_0,2133,-0.0993021745804713,4.6791724811045286e-06,Mean-Reversion,-0.00012602671840315096,0.000735977205859669,Mean-Reversion,0.52219074598678,Neither,0.779519717019725,Momentum,0.02466209772395372,Neither,2,1,2,Mixed/Unclear,"[{'horizon': 0, 'corr': np.float64(-0.0993021745804713), 'pattern': 'MR'}, {'horizon': 1, 'corr': np.float64(0.051350012218239934), 'pattern': 'Mom'}, {'horizon': 2, 'corr': np.float64(0.10188229261464211), 'pattern': 'Mom'}, {'horizon': 3, 'corr': np.float64(-0.05339915177560633), 'pattern': 'MR'}, {'horizon': 4, 'corr': np.float64(0.03026697738712162), 'pattern': 'Mom'}]",TiDE,./results_WTI_trading_extend_20251128_183138/long_term_forecast_WTI-log_TiDE_pl5_TiDE_custom_ftMS_sl512_ll48_pl5_dm64_nh8_el2_dl2_df128_expand2_dc4_fc1_ebtimeF_dtTrue_ModelComparison_0/data_table.csv
long_term_forecast_WTI-log_TiDE_pl5_TiDE_custom_ftMS_sl512_ll48_pl5_dm64_nh8_el2_dl2_df128_expand2_dc4_fc1_ebtimeF_dtTrue_ModelComparison_1,2133,-0.026934150099147288,0.2153272393482479,Neither,0.00020371643934928842,0.00028493713774875687,Momentum,0.5028328611898017,Neither,0.7550741299499073,Momentum,-0.06064038654440473,Mean-Reversion,1,2,2,Mixed/Unclear,"[{'horizon': 0, 'corr': np.float64(-0.026934150099147288), 'pattern': 'N'}, {'horizon': 1, 'corr': np.float64(-0.01696021140636405), 'pattern': 'N'}, {'horizon': 2, 'corr': np.float64(0.04784511912266335), 'pattern': 'Mom'}, {'horizon': 3, 'corr': np.float64(0.03065362605918495), 'pattern': 'Mom'}, {'horizon': 4, 'corr': np.float64(0.05258598488050855), 'pattern': 'Mom'}]",TiDE,./results_WTI_trading_extend_20251128_183138/long_term_forecast_WTI-log_TiDE_pl5_TiDE_custom_ftMS_sl512_ll48_pl5_dm64_nh8_el2_dl2_df128_expand2_dc4_fc1_ebtimeF_dtTrue_ModelComparison_1/data_table.csv
long_term_forecast_WTI-log_TiDE_pl5_TiDE_custom_ftMS_sl512_ll48_pl5_dm64_nh8_el2_dl2_df128_expand2_dc4_fc1_ebtimeF_dtTrue_ModelComparison_2,2133,0.01363692924479816,0.5304928819352137,Neither,0.00043353160744832143,0.00022189252524606543,Momentum,0.4995278564683664,Neither,0.7804329975563271,Momentum,0.0158063932089354,Neither,0,2,3,Neither (No Clear Pattern),"[{'horizon': 0, 'corr': np.float64(0.01363692924479816), 'pattern': 'N'}, {'horizon': 1, 'corr': np.float64(0.0012533041995048749), 'pattern': 'N'}, {'horizon': 2, 'corr': np.float64(0.07330012699538024), 'pattern': 'Mom'}, {'horizon': 3, 'corr': np.float64(0.12267350511961539), 'pattern': 'Mom'}, {'horizon': 4, 'corr': np.float64(0.004600164415983491), 'pattern': 'N'}]",TiDE,./results_WTI_trading_extend_20251128_183138/long_term_forecast_WTI-log_TiDE_pl5_TiDE_custom_ftMS_sl512_ll48_pl5_dm64_nh8_el2_dl2_df128_expand2_dc4_fc1_ebtimeF_dtTrue_ModelComparison_2/data_table.csv
long_term_forecast_WTI-log_TimeMixer_pl5_TimeMixer_custom_ftMS_sl512_ll0_pl5_dm32_nh8_el2_dl1_df64_expand2_dc4_fc1_ebtimeF_dtTrue_ModelComparison_0,2133,-0.23086263484466907,5.082641487672897e-27,Mean-Reversion,0.0009880193077510212,0.0021792822130724874,Momentum,0.5524079320113314,Mean-Reversion,0.9924312368356832,Momentum,0.8725840064612247,Momentum,2,3,0,Momentum,"[{'horizon': 0, 'corr': np.float64(-0.23086263484466907), 'pattern': 'MR'}, {'horizon': 1, 'corr': np.float64(-0.2740313738140149), 'pattern': 'MR'}, {'horizon': 2, 'corr': np.float64(0.25202596144217054), 'pattern': 'Mom'}, {'horizon': 3, 'corr': np.float64(0.16920556631464057), 'pattern': 'Mom'}, {'horizon': 4, 'corr': np.float64(0.329821355429324), 'pattern': 'Mom'}]",TimeMixer,./results_WTI_trading_extend_20251128_183138/long_term_forecast_WTI-log_TimeMixer_pl5_TimeMixer_custom_ftMS_sl512_ll0_pl5_dm32_nh8_el2_dl1_df64_expand2_dc4_fc1_ebtimeF_dtTrue_ModelComparison_0/data_table.csv
long_term_forecast_WTI-log_TimeMixer_pl5_TimeMixer_custom_ftMS_sl512_ll0_pl5_dm32_nh8_el2_dl1_df64_expand2_dc4_fc1_ebtimeF_dtTrue_ModelComparison_1,2133,-0.1697038195375224,3.76397804782902e-15,Mean-Reversion,-0.0008526405842677983,0.0003178974234302372,Mean-Reversion,0.5854579792256847,Mean-Reversion,0.9678974018890372,Momentum,0.8566633484260707,Momentum,3,2,0,Mean-Reversion,"[{'horizon': 0, 'corr': np.float64(-0.1697038195375224), 'pattern': 'MR'}, {'horizon': 1, 'corr': np.float64(-0.07262102826349626), 'pattern': 'MR'}, {'horizon': 2, 'corr': np.float64(-0.23943403547272613), 'pattern': 'MR'}, {'horizon': 3, 'corr': np.float64(-0.24767088954270233), 'pattern': 'MR'}, {'horizon': 4, 'corr': np.float64(-0.3284470607874173), 'pattern': 'MR'}]",TimeMixer,./results_WTI_trading_extend_20251128_183138/long_term_forecast_WTI-log_TimeMixer_pl5_TimeMixer_custom_ftMS_sl512_ll0_pl5_dm32_nh8_el2_dl1_df64_expand2_dc4_fc1_ebtimeF_dtTrue_ModelComparison_1/data_table.csv
long_term_forecast_WTI-log_TimeMixer_pl5_TimeMixer_custom_ftMS_sl512_ll0_pl5_dm32_nh8_el2_dl1_df64_expand2_dc4_fc1_ebtimeF_dtTrue_ModelComparison_2,2133,-0.09048475611769112,3.041134180242751e-05,Mean-Reversion,-0.00011890240008661504,0.00048727320959978515,Mean-Reversion,0.5273843248347497,Neither,0.8158707749803369,Momentum,0.39202203130806895,Momentum,2,2,1,Mixed/Unclear,"[{'horizon': 0, 'corr': np.float64(-0.09048475611769112), 'pattern': 'MR'}, {'horizon': 1, 'corr': np.float64(-0.10769188529371188), 'pattern': 'MR'}, {'horizon': 2, 'corr': np.float64(-0.03317923078520588), 'pattern': 'MR'}, {'horizon': 3, 'corr': np.float64(0.02630483648946699), 'pattern': 'N'}, {'horizon': 4, 'corr': np.float64(0.040707807207162515), 'pattern': 'Mom'}]",TimeMixer,./results_WTI_trading_extend_20251128_183138/long_term_forecast_WTI-log_TimeMixer_pl5_TimeMixer_custom_ftMS_sl512_ll0_pl5_dm32_nh8_el2_dl1_df64_expand2_dc4_fc1_ebtimeF_dtTrue_ModelComparison_2/data_table.csv
long_term_forecast_WTI-log_TimesNet_pl5_TimesNet_custom_ftMS_sl512_ll48_pl5_dm64_nh8_el2_dl1_df64_expand2_dc4_fc1_ebtimeF_dtTrue_ModelComparison_0,2133,-0.07132144881813177,0.001021336308137445,Mean-Reversion,-0.0018695705014988321,-0.0015041682501051614,Mean-Reversion,0.5292728989612843,Neither,0.9141545236947786,Momentum,0.7811397650167593,Momentum,2,2,1,Mixed/Unclear,"[{'horizon': 0, 'corr': np.float64(-0.07132144881813177), 'pattern': 'MR'}, {'horizon': 1, 'corr': np.float64(0.030496988887159876), 'pattern': 'Mom'}, {'horizon': 2, 'corr': np.float64(0.02766742697734351), 'pattern': 'N'}, {'horizon': 3, 'corr': np.float64(-0.03372347155105788), 'pattern': 'MR'}, {'horizon': 4, 'corr': np.float64(0.06111987351171259), 'pattern': 'Mom'}]",TimesNet,./results_WTI_trading_extend_20251128_183138/long_term_forecast_WTI-log_TimesNet_pl5_TimesNet_custom_ftMS_sl512_ll48_pl5_dm64_nh8_el2_dl1_df64_expand2_dc4_fc1_ebtimeF_dtTrue_ModelComparison_0/data_table.csv
long_term_forecast_WTI-log_TimesNet_pl5_TimesNet_custom_ftMS_sl512_ll48_pl5_dm64_nh8_el2_dl1_df64_expand2_dc4_fc1_ebtimeF_dtTrue_ModelComparison_1,2133,0.32907761144400205,1.1368399450628965e-54,Momentum,0.002589750173106452,0.0019729973204502104,Momentum,0.4457034938621341,Momentum,0.9185341186821333,Momentum,0.9448581767245163,Momentum,0,5,0,Momentum,"[{'horizon': 0, 'corr': np.float64(0.32907761144400205), 'pattern': 'Mom'}, {'horizon': 1, 'corr': np.float64(0.24098682470134355), 'pattern': 'Mom'}, {'horizon': 2, 'corr': np.float64(0.20223418579292785), 'pattern': 'Mom'}, {'horizon': 3, 'corr': np.float64(0.2391736613589618), 'pattern': 'Mom'}, {'horizon': 4, 'corr': np.float64(0.2673687194998909), 'pattern': 'Mom'}]",TimesNet,./results_WTI_trading_extend_20251128_183138/long_term_forecast_WTI-log_TimesNet_pl5_TimesNet_custom_ftMS_sl512_ll48_pl5_dm64_nh8_el2_dl1_df64_expand2_dc4_fc1_ebtimeF_dtTrue_ModelComparison_1/data_table.csv
long_term_forecast_WTI-log_TimesNet_pl5_TimesNet_custom_ftMS_sl512_ll48_pl5_dm64_nh8_el2_dl1_df64_expand2_dc4_fc1_ebtimeF_dtTrue_ModelComparison_2,2133,-0.05801143348165374,0.0075747459397053265,Mean-Reversion,-0.0007887027598141813,-0.0005857648484607765,Mean-Reversion,0.5250236071765817,Neither,0.8191220411255906,Momentum,0.6364244124558879,Momentum,2,2,1,Mixed/Unclear,"[{'horizon': 0, 'corr': np.float64(-0.05801143348165374), 'pattern': 'MR'}, {'horizon': 1, 'corr': np.float64(-0.09988309717264567), 'pattern': 'MR'}, {'horizon': 2, 'corr': np.float64(-0.09433877087617394), 'pattern': 'MR'}, {'horizon': 3, 'corr': np.float64(-0.08114714871270683), 'pattern': 'MR'}, {'horizon': 4, 'corr': np.float64(0.0006807401418379063), 'pattern': 'N'}]",TimesNet,./results_WTI_trading_extend_20251128_183138/long_term_forecast_WTI-log_TimesNet_pl5_TimesNet_custom_ftMS_sl512_ll48_pl5_dm64_nh8_el2_dl1_df64_expand2_dc4_fc1_ebtimeF_dtTrue_ModelComparison_2/data_table.csv
long_term_forecast_WTI-log_Transformer_pl5_Transformer_custom_ftMS_sl512_ll48_pl5_dm64_nh4_el2_dl1_df128_expand2_dc4_fc1_ebtimeF_dtTrue_ModelComparison_0,2133,0.041162427581748755,0.05821828116597326,Momentum,0.0015112724045324689,0.0004145837026569451,Momentum,0.4159584513692162,Momentum,0.985206413252653,Momentum,0.9970809752708278,Momentum,0,5,0,Momentum,"[{'horizon': 0, 'corr': np.float64(0.041162427581748755), 'pattern': 'Mom'}, {'horizon': 1, 'corr': np.float64(0.04401642576039182), 'pattern': 'Mom'}, {'horizon': 2, 'corr': np.float64(0.04332244155300217), 'pattern': 'Mom'}, {'horizon': 3, 'corr': np.float64(0.042811440602303436), 'pattern': 'Mom'}, {'horizon': 4, 'corr': np.float64(0.044442230915052824), 'pattern': 'Mom'}]",Transformer,./results_WTI_trading_extend_20251128_183138/long_term_forecast_WTI-log_Transformer_pl5_Transformer_custom_ftMS_sl512_ll48_pl5_dm64_nh4_el2_dl1_df128_expand2_dc4_fc1_ebtimeF_dtTrue_ModelComparison_0/data_table.csv
long_term_forecast_WTI-log_Transformer_pl5_Transformer_custom_ftMS_sl512_ll48_pl5_dm64_nh4_el2_dl1_df128_expand2_dc4_fc1_ebtimeF_dtTrue_ModelComparison_1,2133,0.07631841231921432,0.000439158326848968,Momentum,0.0017499811029507734,0.0007965020665477112,Momentum,0.4140698772426818,Momentum,0.9052724352203272,Momentum,0.9730818633957855,Momentum,0,5,0,Momentum,"[{'horizon': 0, 'corr': np.float64(0.07631841231921432), 'pattern': 'Mom'}, {'horizon': 1, 'corr': np.float64(0.041929530584642), 'pattern': 'Mom'}, {'horizon': 2, 'corr': np.float64(0.043783055527976504), 'pattern': 'Mom'}, {'horizon': 3, 'corr': np.float64(0.044375716763023224), 'pattern': 'Mom'}, {'horizon': 4, 'corr': np.float64(0.04440839495395403), 'pattern': 'Mom'}]",Transformer,./results_WTI_trading_extend_20251128_183138/long_term_forecast_WTI-log_Transformer_pl5_Transformer_custom_ftMS_sl512_ll48_pl5_dm64_nh4_el2_dl1_df128_expand2_dc4_fc1_ebtimeF_dtTrue_ModelComparison_1/data_table.csv
long_term_forecast_WTI-log_Transformer_pl5_Transformer_custom_ftMS_sl512_ll48_pl5_dm64_nh4_el2_dl1_df128_expand2_dc4_fc1_ebtimeF_dtTrue_ModelComparison_2,2133,-0.011688798948001988,0.5908258891258962,Neither,-0.0001277357774514932,-0.0009772733969487337,Mean-Reversion,0.4490084985835694,Momentum,0.9642734971897671,Momentum,0.9917775186980077,Momentum,1,3,1,Momentum,"[{'horizon': 0, 'corr': np.float64(-0.011688798948001988), 'pattern': 'N'}, {'horizon': 1, 'corr': np.float64(0.03797842797592658), 'pattern': 'Mom'}, {'horizon': 2, 'corr': np.float64(0.03739438270967759), 'pattern': 'Mom'}, {'horizon': 3, 'corr': np.float64(0.03747726170722711), 'pattern': 'Mom'}, {'horizon': 4, 'corr': np.float64(0.05662207886576076), 'pattern': 'Mom'}]",Transformer,./results_WTI_trading_extend_20251128_183138/long_term_forecast_WTI-log_Transformer_pl5_Transformer_custom_ftMS_sl512_ll48_pl5_dm64_nh4_el2_dl1_df128_expand2_dc4_fc1_ebtimeF_dtTrue_ModelComparison_2/data_table.csv
