window_type,arch_name,base_key,model_id,run_idx,n_days,final_strat_pnl,final_bh_pnl,strat_ann_return,strat_ann_vol,strat_sharpe,bh_ann_return,bh_ann_vol,bh_sharpe
RECENT,RECENT10_Naive_pl5_N,long_term_forecast_RECENT10_Naive_pl5_Naive_custom_ftMS_sl256_ll48_pl5_dm512_nh8_el2_dl1_df2048_expand2_dc4_fc1_ebtimeF_dtTrue_RECENT10,long_term_forecast_RECENT10_Naive_pl5_Naive_custom_ftMS_sl256_ll48_pl5_dm512_nh8_el2_dl1_df2048_expand2_dc4_fc1_ebtimeF_dtTrue_RECENT10_0,0,539,-0.4351776298179022,-0.2579691780741681,-0.20345967108369475,0.22385523430787882,-0.908889495985012,-0.1206089663723383,0.2240935270520562,-0.5382081667371018
RECENT,RECENT10_Naive_pl5_N,long_term_forecast_RECENT10_Naive_pl5_Naive_custom_ftMS_sl256_ll48_pl5_dm512_nh8_el2_dl1_df2048_expand2_dc4_fc1_ebtimeF_dtTrue_RECENT10,long_term_forecast_RECENT10_Naive_pl5_Naive_custom_ftMS_sl256_ll48_pl5_dm512_nh8_el2_dl1_df2048_expand2_dc4_fc1_ebtimeF_dtTrue_RECENT10_1,1,539,-0.4351776298179022,-0.2579691780741681,-0.20345967108369475,0.22385523430787882,-0.908889495985012,-0.1206089663723383,0.2240935270520562,-0.5382081667371018
RECENT,RECENT10_Naive_pl5_N,long_term_forecast_RECENT10_Naive_pl5_Naive_custom_ftMS_sl256_ll48_pl5_dm512_nh8_el2_dl1_df2048_expand2_dc4_fc1_ebtimeF_dtTrue_RECENT10,long_term_forecast_RECENT10_Naive_pl5_Naive_custom_ftMS_sl256_ll48_pl5_dm512_nh8_el2_dl1_df2048_expand2_dc4_fc1_ebtimeF_dtTrue_RECENT10_2,2,539,-0.4351776298179022,-0.2579691780741681,-0.20345967108369475,0.22385523430787882,-0.908889495985012,-0.1206089663723383,0.2240935270520562,-0.5382081667371018
RECENT,DLinear,long_term_forecast_RECENT10_DLinear_pl5_DLinear_custom_ftMS_sl256_ll48_pl5_dm64_nh8_el2_dl1_df64_expand2_dc4_fc1_ebtimeF_dtTrue_RECENT10,long_term_forecast_RECENT10_DLinear_pl5_DLinear_custom_ftMS_sl256_ll48_pl5_dm64_nh8_el2_dl1_df64_expand2_dc4_fc1_ebtimeF_dtTrue_RECENT10_0,0,539,-0.10930605680989425,-0.2579691780741681,-0.051104130456573964,0.22419937014784663,-0.2279405621116318,-0.1206089663723383,0.2240935270520562,-0.5382081667371018
RECENT,DLinear,long_term_forecast_RECENT10_DLinear_pl5_DLinear_custom_ftMS_sl256_ll48_pl5_dm64_nh8_el2_dl1_df64_expand2_dc4_fc1_ebtimeF_dtTrue_RECENT10,long_term_forecast_RECENT10_DLinear_pl5_DLinear_custom_ftMS_sl256_ll48_pl5_dm64_nh8_el2_dl1_df64_expand2_dc4_fc1_ebtimeF_dtTrue_RECENT10_1,1,539,-0.023854058098422063,-0.2579691780741681,-0.01115254664341821,0.22422142174983006,-0.04973898816796109,-0.1206089663723383,0.2240935270520562,-0.5382081667371018
RECENT,DLinear,long_term_forecast_RECENT10_DLinear_pl5_DLinear_custom_ftMS_sl256_ll48_pl5_dm64_nh8_el2_dl1_df64_expand2_dc4_fc1_ebtimeF_dtTrue_RECENT10,long_term_forecast_RECENT10_DLinear_pl5_DLinear_custom_ftMS_sl256_ll48_pl5_dm64_nh8_el2_dl1_df64_expand2_dc4_fc1_ebtimeF_dtTrue_RECENT10_2,2,539,0.5454631548495084,-0.2579691780741681,0.255021734734835,0.2236452124513117,1.1402959711930079,-0.1206089663723383,0.2240935270520562,-0.5382081667371018
RECENT,PatchTST,long_term_forecast_RECENT10_PatchTST_pl5_PatchTST_custom_ftMS_sl256_ll48_pl5_dm64_nh4_el2_dl1_df128_expand2_dc4_fc3_ebtimeF_dtTrue_RECENT10,long_term_forecast_RECENT10_PatchTST_pl5_PatchTST_custom_ftMS_sl256_ll48_pl5_dm64_nh4_el2_dl1_df128_expand2_dc4_fc3_ebtimeF_dtTrue_RECENT10_0,0,539,0.18900693748928926,-0.2579691780741681,0.08836687986512233,0.2241532866915671,0.3942252249315191,-0.1206089663723383,0.2240935270520562,-0.5382081667371018
RECENT,PatchTST,long_term_forecast_RECENT10_PatchTST_pl5_PatchTST_custom_ftMS_sl256_ll48_pl5_dm64_nh4_el2_dl1_df128_expand2_dc4_fc3_ebtimeF_dtTrue_RECENT10,long_term_forecast_RECENT10_PatchTST_pl5_PatchTST_custom_ftMS_sl256_ll48_pl5_dm64_nh4_el2_dl1_df128_expand2_dc4_fc3_ebtimeF_dtTrue_RECENT10_1,1,539,-0.5545701192841146,-0.2579691780741681,-0.25927953628867667,0.22362574817503927,-1.1594350758112613,-0.1206089663723383,0.2240935270520562,-0.5382081667371018
RECENT,PatchTST,long_term_forecast_RECENT10_PatchTST_pl5_PatchTST_custom_ftMS_sl256_ll48_pl5_dm64_nh4_el2_dl1_df128_expand2_dc4_fc3_ebtimeF_dtTrue_RECENT10,long_term_forecast_RECENT10_PatchTST_pl5_PatchTST_custom_ftMS_sl256_ll48_pl5_dm64_nh4_el2_dl1_df128_expand2_dc4_fc3_ebtimeF_dtTrue_RECENT10_2,2,539,0.5438478857599525,-0.2579691780741681,0.2542665439916662,0.22364863093386,1.136901857748733,-0.1206089663723383,0.2240935270520562,-0.5382081667371018
RECENT,RECENT10_iTransforme,long_term_forecast_RECENT10_iTransformer_pl5_iTransformer_custom_ftMS_sl256_ll48_pl5_dm64_nh4_el2_dl1_df128_expand2_dc4_fc3_ebtimeF_dtTrue_RECENT10,long_term_forecast_RECENT10_iTransformer_pl5_iTransformer_custom_ftMS_sl256_ll48_pl5_dm64_nh4_el2_dl1_df128_expand2_dc4_fc3_ebtimeF_dtTrue_RECENT10_0,0,539,0.1608547556397084,-0.2579691780741681,0.07520482081856486,0.22417237838056941,0.33547764163385163,-0.1206089663723383,0.2240935270520562,-0.5382081667371018
RECENT,RECENT10_iTransforme,long_term_forecast_RECENT10_iTransformer_pl5_iTransformer_custom_ftMS_sl256_ll48_pl5_dm64_nh4_el2_dl1_df128_expand2_dc4_fc3_ebtimeF_dtTrue_RECENT10,long_term_forecast_RECENT10_iTransformer_pl5_iTransformer_custom_ftMS_sl256_ll48_pl5_dm64_nh4_el2_dl1_df128_expand2_dc4_fc3_ebtimeF_dtTrue_RECENT10_1,1,539,-0.1700455940647809,-0.2579691780741681,-0.0795018361861314,0.22416648349373397,-0.35465532111250553,-0.1206089663723383,0.2240935270520562,-0.5382081667371018
RECENT,RECENT10_iTransforme,long_term_forecast_RECENT10_iTransformer_pl5_iTransformer_custom_ftMS_sl256_ll48_pl5_dm64_nh4_el2_dl1_df128_expand2_dc4_fc3_ebtimeF_dtTrue_RECENT10,long_term_forecast_RECENT10_iTransformer_pl5_iTransformer_custom_ftMS_sl256_ll48_pl5_dm64_nh4_el2_dl1_df128_expand2_dc4_fc3_ebtimeF_dtTrue_RECENT10_2,2,539,-0.07176938502980498,-0.2579691780741681,-0.03355451767627242,0.22421254263169196,-0.14965495365436152,-0.1206089663723383,0.2240935270520562,-0.5382081667371018
RECENT,TimeMixer,long_term_forecast_RECENT10_TimeMixer_pl5_TimeMixer_custom_ftMS_sl256_ll0_pl5_dm16_nh8_el2_dl1_df32_expand2_dc4_fc1_ebtimeF_dtTrue_RECENT10,long_term_forecast_RECENT10_TimeMixer_pl5_TimeMixer_custom_ftMS_sl256_ll0_pl5_dm16_nh8_el2_dl1_df32_expand2_dc4_fc1_ebtimeF_dtTrue_RECENT10_0,0,539,0.2151947228643457,-0.2579691780741681,0.10061051978073308,0.22413276698538043,0.44888804583979297,-0.1206089663723383,0.2240935270520562,-0.5382081667371018
RECENT,TimeMixer,long_term_forecast_RECENT10_TimeMixer_pl5_TimeMixer_custom_ftMS_sl256_ll0_pl5_dm16_nh8_el2_dl1_df32_expand2_dc4_fc1_ebtimeF_dtTrue_RECENT10,long_term_forecast_RECENT10_TimeMixer_pl5_TimeMixer_custom_ftMS_sl256_ll0_pl5_dm16_nh8_el2_dl1_df32_expand2_dc4_fc1_ebtimeF_dtTrue_RECENT10_1,1,539,-0.054753393960748103,-0.2579691780741681,-0.025598989384245843,0.22421671479722677,-0.11417074506419654,-0.1206089663723383,0.2240935270520562,-0.5382081667371018
RECENT,TimeMixer,long_term_forecast_RECENT10_TimeMixer_pl5_TimeMixer_custom_ftMS_sl256_ll0_pl5_dm16_nh8_el2_dl1_df32_expand2_dc4_fc1_ebtimeF_dtTrue_RECENT10,long_term_forecast_RECENT10_TimeMixer_pl5_TimeMixer_custom_ftMS_sl256_ll0_pl5_dm16_nh8_el2_dl1_df32_expand2_dc4_fc1_ebtimeF_dtTrue_RECENT10_2,2,539,0.02664138624110386,-0.2579691780741681,0.01245571304778889,0.22422114900095735,0.05555101783791014,-0.1206089663723383,0.2240935270520562,-0.5382081667371018
RECENT,RECENT10_Transformer,long_term_forecast_RECENT10_Transformer_pl5_Transformer_custom_ftMS_sl256_ll48_pl5_dm64_nh4_el2_dl1_df128_expand2_dc4_fc3_ebtimeF_dtTrue_RECENT10,long_term_forecast_RECENT10_Transformer_pl5_Transformer_custom_ftMS_sl256_ll48_pl5_dm64_nh4_el2_dl1_df128_expand2_dc4_fc3_ebtimeF_dtTrue_RECENT10_0,0,539,-0.2579691780741681,-0.2579691780741681,-0.1206089663723383,0.2240935270520562,-0.5382081667371018,-0.1206089663723383,0.2240935270520562,-0.5382081667371018
RECENT,RECENT10_Transformer,long_term_forecast_RECENT10_Transformer_pl5_Transformer_custom_ftMS_sl256_ll48_pl5_dm64_nh4_el2_dl1_df128_expand2_dc4_fc3_ebtimeF_dtTrue_RECENT10,long_term_forecast_RECENT10_Transformer_pl5_Transformer_custom_ftMS_sl256_ll48_pl5_dm64_nh4_el2_dl1_df128_expand2_dc4_fc3_ebtimeF_dtTrue_RECENT10_1,1,539,-0.2579691780741681,-0.2579691780741681,-0.1206089663723383,0.2240935270520562,-0.5382081667371018,-0.1206089663723383,0.2240935270520562,-0.5382081667371018
RECENT,RECENT10_Transformer,long_term_forecast_RECENT10_Transformer_pl5_Transformer_custom_ftMS_sl256_ll48_pl5_dm64_nh4_el2_dl1_df128_expand2_dc4_fc3_ebtimeF_dtTrue_RECENT10,long_term_forecast_RECENT10_Transformer_pl5_Transformer_custom_ftMS_sl256_ll48_pl5_dm64_nh4_el2_dl1_df128_expand2_dc4_fc3_ebtimeF_dtTrue_RECENT10_2,2,539,-0.2579691780741681,-0.2579691780741681,-0.1206089663723383,0.2240935270520562,-0.5382081667371018,-0.1206089663723383,0.2240935270520562,-0.5382081667371018
RECENT,Autoformer,long_term_forecast_RECENT10_Autoformer_pl5_Autoformer_custom_ftMS_sl256_ll48_pl5_dm64_nh4_el2_dl1_df128_expand2_dc4_fc3_ebtimeF_dtTrue_RECENT10,long_term_forecast_RECENT10_Autoformer_pl5_Autoformer_custom_ftMS_sl256_ll48_pl5_dm64_nh4_el2_dl1_df128_expand2_dc4_fc3_ebtimeF_dtTrue_RECENT10_0,0,539,0.06819589937292102,-0.2579691780741681,0.03188379710941764,0.22421351191567446,0.14220283531087533,-0.1206089663723383,0.2240935270520562,-0.5382081667371018
RECENT,Autoformer,long_term_forecast_RECENT10_Autoformer_pl5_Autoformer_custom_ftMS_sl256_ll48_pl5_dm64_nh4_el2_dl1_df128_expand2_dc4_fc3_ebtimeF_dtTrue_RECENT10,long_term_forecast_RECENT10_Autoformer_pl5_Autoformer_custom_ftMS_sl256_ll48_pl5_dm64_nh4_el2_dl1_df128_expand2_dc4_fc3_ebtimeF_dtTrue_RECENT10_1,1,539,-0.0890940154750896,-0.2579691780741681,-0.04165434489744449,0.2242071417326931,-0.18578509397843412,-0.1206089663723383,0.2240935270520562,-0.5382081667371018
RECENT,Autoformer,long_term_forecast_RECENT10_Autoformer_pl5_Autoformer_custom_ftMS_sl256_ll48_pl5_dm64_nh4_el2_dl1_df128_expand2_dc4_fc3_ebtimeF_dtTrue_RECENT10,long_term_forecast_RECENT10_Autoformer_pl5_Autoformer_custom_ftMS_sl256_ll48_pl5_dm64_nh4_el2_dl1_df128_expand2_dc4_fc3_ebtimeF_dtTrue_RECENT10_2,2,539,-0.177331600983582,-0.2579691780741681,-0.08290828097933686,0.22416157752856017,-0.3698594642909917,-0.1206089663723383,0.2240935270520562,-0.5382081667371018
RECENT,FedFormer,long_term_forecast_RECENT10_FEDformer_pl5_FEDformer_custom_ftMS_sl256_ll48_pl5_dm64_nh4_el2_dl1_df128_expand2_dc4_fc3_ebtimeF_dtTrue_RECENT10,long_term_forecast_RECENT10_FEDformer_pl5_FEDformer_custom_ftMS_sl256_ll48_pl5_dm64_nh4_el2_dl1_df128_expand2_dc4_fc3_ebtimeF_dtTrue_RECENT10_0,0,539,0.366241428679147,-0.2579691780741681,0.17122975886297792,0.22396244430364134,0.7645467497703763,-0.1206089663723383,0.2240935270520562,-0.5382081667371018
RECENT,FedFormer,long_term_forecast_RECENT10_FEDformer_pl5_FEDformer_custom_ftMS_sl256_ll48_pl5_dm64_nh4_el2_dl1_df128_expand2_dc4_fc3_ebtimeF_dtTrue_RECENT10,long_term_forecast_RECENT10_FEDformer_pl5_FEDformer_custom_ftMS_sl256_ll48_pl5_dm64_nh4_el2_dl1_df128_expand2_dc4_fc3_ebtimeF_dtTrue_RECENT10_1,1,539,0.13479261930489844,-0.2579691780741681,0.06301992590878368,0.22418731275302375,0.281103890915583,-0.1206089663723383,0.2240935270520562,-0.5382081667371018
RECENT,FedFormer,long_term_forecast_RECENT10_FEDformer_pl5_FEDformer_custom_ftMS_sl256_ll48_pl5_dm64_nh4_el2_dl1_df128_expand2_dc4_fc3_ebtimeF_dtTrue_RECENT10,long_term_forecast_RECENT10_FEDformer_pl5_FEDformer_custom_ftMS_sl256_ll48_pl5_dm64_nh4_el2_dl1_df128_expand2_dc4_fc3_ebtimeF_dtTrue_RECENT10_2,2,539,0.057521586057429845,-0.2579691780741681,0.02689320906581135,0.22421611249937612,0.1199432492430096,-0.1206089663723383,0.2240935270520562,-0.5382081667371018
RECENT,RECENT10_TiDE_pl5_Ti,long_term_forecast_RECENT10_TiDE_pl5_TiDE_custom_ftMS_sl256_ll48_pl5_dm256_nh8_el2_dl2_df256_expand2_dc4_fc1_ebtimeF_dtTrue_RECENT10,long_term_forecast_RECENT10_TiDE_pl5_TiDE_custom_ftMS_sl256_ll48_pl5_dm256_nh8_el2_dl2_df256_expand2_dc4_fc1_ebtimeF_dtTrue_RECENT10_0,0,539,-0.14993446608312322,-0.2579691780741681,-0.07009923089600567,0.22417895664209952,-0.31269318024313364,-0.1206089663723383,0.2240935270520562,-0.5382081667371018
RECENT,RECENT10_TiDE_pl5_Ti,long_term_forecast_RECENT10_TiDE_pl5_TiDE_custom_ftMS_sl256_ll48_pl5_dm256_nh8_el2_dl2_df256_expand2_dc4_fc1_ebtimeF_dtTrue_RECENT10,long_term_forecast_RECENT10_TiDE_pl5_TiDE_custom_ftMS_sl256_ll48_pl5_dm256_nh8_el2_dl2_df256_expand2_dc4_fc1_ebtimeF_dtTrue_RECENT10_1,1,539,0.19341688622172742,-0.2579691780741681,0.09042867407769081,0.22415001753259237,0.40342925275275565,-0.1206089663723383,0.2240935270520562,-0.5382081667371018
RECENT,RECENT10_TiDE_pl5_Ti,long_term_forecast_RECENT10_TiDE_pl5_TiDE_custom_ftMS_sl256_ll48_pl5_dm256_nh8_el2_dl2_df256_expand2_dc4_fc1_ebtimeF_dtTrue_RECENT10,long_term_forecast_RECENT10_TiDE_pl5_TiDE_custom_ftMS_sl256_ll48_pl5_dm256_nh8_el2_dl2_df256_expand2_dc4_fc1_ebtimeF_dtTrue_RECENT10_2,2,539,-0.16986935903659062,-0.2579691780741681,-0.0794194405885359,0.22416659960950625,-0.35428757329094956,-0.1206089663723383,0.2240935270520562,-0.5382081667371018
RECENT,TimesNet,long_term_forecast_RECENT10_TimesNet_pl5_TimesNet_custom_ftMS_sl256_ll48_pl5_dm64_nh8_el2_dl1_df64_expand2_dc4_fc1_ebtimeF_dtTrue_RECENT10,long_term_forecast_RECENT10_TimesNet_pl5_TimesNet_custom_ftMS_sl256_ll48_pl5_dm64_nh8_el2_dl1_df64_expand2_dc4_fc1_ebtimeF_dtTrue_RECENT10_0,0,539,-0.03798583744733739,-0.2579691780741681,-0.017759612313040865,0.22421972823253014,-0.0792062877474502,-0.1206089663723383,0.2240935270520562,-0.5382081667371018
RECENT,TimesNet,long_term_forecast_RECENT10_TimesNet_pl5_TimesNet_custom_ftMS_sl256_ll48_pl5_dm64_nh8_el2_dl1_df64_expand2_dc4_fc1_ebtimeF_dtTrue_RECENT10,long_term_forecast_RECENT10_TimesNet_pl5_TimesNet_custom_ftMS_sl256_ll48_pl5_dm64_nh8_el2_dl1_df64_expand2_dc4_fc1_ebtimeF_dtTrue_RECENT10_1,1,539,-0.4341779517404306,-0.2579691780741681,-0.20299228912539605,0.2238569212035713,-0.9067947867504111,-0.1206089663723383,0.2240935270520562,-0.5382081667371018
RECENT,TimesNet,long_term_forecast_RECENT10_TimesNet_pl5_TimesNet_custom_ftMS_sl256_ll48_pl5_dm64_nh8_el2_dl1_df64_expand2_dc4_fc1_ebtimeF_dtTrue_RECENT10,long_term_forecast_RECENT10_TimesNet_pl5_TimesNet_custom_ftMS_sl256_ll48_pl5_dm64_nh8_el2_dl1_df64_expand2_dc4_fc1_ebtimeF_dtTrue_RECENT10_2,2,539,-0.23295486923447956,-0.2579691780741681,-0.10891396483689944,0.2241173365333932,-0.4859684954388676,-0.1206089663723383,0.2240935270520562,-0.5382081667371018
RECENT,RECENT10_Crossformer,long_term_forecast_RECENT10_Crossformer_pl5_Crossformer_custom_ftMS_sl256_ll48_pl5_dm64_nh4_el2_dl1_df64_expand2_dc4_fc1_ebtimeF_dtTrue_RECENT10,long_term_forecast_RECENT10_Crossformer_pl5_Crossformer_custom_ftMS_sl256_ll48_pl5_dm64_nh4_el2_dl1_df64_expand2_dc4_fc1_ebtimeF_dtTrue_RECENT10_0,0,539,-0.22247262670179258,-0.2579691780741681,-0.10401317612031857,0.22412659179151667,-0.4640822639067835,-0.1206089663723383,0.2240935270520562,-0.5382081667371018
RECENT,RECENT10_Crossformer,long_term_forecast_RECENT10_Crossformer_pl5_Crossformer_custom_ftMS_sl256_ll48_pl5_dm64_nh4_el2_dl1_df64_expand2_dc4_fc1_ebtimeF_dtTrue_RECENT10,long_term_forecast_RECENT10_Crossformer_pl5_Crossformer_custom_ftMS_sl256_ll48_pl5_dm64_nh4_el2_dl1_df64_expand2_dc4_fc1_ebtimeF_dtTrue_RECENT10_1,1,539,0.07388842081165961,-0.2579691780741681,0.034545235704152626,0.22421194447876308,0.15407402038487153,-0.1206089663723383,0.2240935270520562,-0.5382081667371018
RECENT,RECENT10_Crossformer,long_term_forecast_RECENT10_Crossformer_pl5_Crossformer_custom_ftMS_sl256_ll48_pl5_dm64_nh4_el2_dl1_df64_expand2_dc4_fc1_ebtimeF_dtTrue_RECENT10,long_term_forecast_RECENT10_Crossformer_pl5_Crossformer_custom_ftMS_sl256_ll48_pl5_dm64_nh4_el2_dl1_df64_expand2_dc4_fc1_ebtimeF_dtTrue_RECENT10_2,2,539,-0.1881424772778425,-0.2579691780741681,-0.0879627166493808,0.22415391868450849,-0.392421052309089,-0.1206089663723383,0.2240935270520562,-0.5382081667371018
RECENT,RECENT10_TSMixer_pl5,long_term_forecast_RECENT10_TSMixer_pl5_TSMixer_custom_ftMS_sl256_ll48_pl5_dm64_nh4_el2_dl1_df128_expand2_dc4_fc3_ebtimeF_dtTrue_RECENT10,long_term_forecast_RECENT10_TSMixer_pl5_TSMixer_custom_ftMS_sl256_ll48_pl5_dm64_nh4_el2_dl1_df128_expand2_dc4_fc3_ebtimeF_dtTrue_RECENT10_0,0,539,0.2066974516268424,-0.2579691780741681,0.09663776959177063,0.22413971672238028,0.4311496909379353,-0.1206089663723383,0.2240935270520562,-0.5382081667371018
RECENT,RECENT10_TSMixer_pl5,long_term_forecast_RECENT10_TSMixer_pl5_TSMixer_custom_ftMS_sl256_ll48_pl5_dm64_nh4_el2_dl1_df128_expand2_dc4_fc3_ebtimeF_dtTrue_RECENT10,long_term_forecast_RECENT10_TSMixer_pl5_TSMixer_custom_ftMS_sl256_ll48_pl5_dm64_nh4_el2_dl1_df128_expand2_dc4_fc3_ebtimeF_dtTrue_RECENT10_1,1,539,0.2505993536122515,-0.2579691780741681,0.11716333415637739,0.2241007942966607,0.522815345318583,-0.1206089663723383,0.2240935270520562,-0.5382081667371018
RECENT,RECENT10_TSMixer_pl5,long_term_forecast_RECENT10_TSMixer_pl5_TSMixer_custom_ftMS_sl256_ll48_pl5_dm64_nh4_el2_dl1_df128_expand2_dc4_fc3_ebtimeF_dtTrue_RECENT10,long_term_forecast_RECENT10_TSMixer_pl5_TSMixer_custom_ftMS_sl256_ll48_pl5_dm64_nh4_el2_dl1_df128_expand2_dc4_fc3_ebtimeF_dtTrue_RECENT10_2,2,539,-0.2934962297365733,-0.2579691780741681,-0.13721901650021617,0.2240555357261977,-0.6124330561861312,-0.1206089663723383,0.2240935270520562,-0.5382081667371018
RECENT,RECENT10_Koopa_pl5_K,long_term_forecast_RECENT10_Koopa_pl5_Koopa_custom_ftMS_sl256_ll48_pl5_dm512_nh8_el2_dl1_df2048_expand2_dc4_fc3_ebtimeF_dtTrue_RECENT10,long_term_forecast_RECENT10_Koopa_pl5_Koopa_custom_ftMS_sl256_ll48_pl5_dm512_nh8_el2_dl1_df2048_expand2_dc4_fc3_ebtimeF_dtTrue_RECENT10_0,0,539,-0.3032704611436565,-0.2579691780741681,-0.14178878702820302,0.22404422365888824,-0.6328607125532468,-0.1206089663723383,0.2240935270520562,-0.5382081667371018
RECENT,RECENT10_Koopa_pl5_K,long_term_forecast_RECENT10_Koopa_pl5_Koopa_custom_ftMS_sl256_ll48_pl5_dm512_nh8_el2_dl1_df2048_expand2_dc4_fc3_ebtimeF_dtTrue_RECENT10,long_term_forecast_RECENT10_Koopa_pl5_Koopa_custom_ftMS_sl256_ll48_pl5_dm512_nh8_el2_dl1_df2048_expand2_dc4_fc3_ebtimeF_dtTrue_RECENT10_1,1,539,0.18884313359154342,-0.2579691780741681,0.08829029622461762,0.2241534066685722,0.39388335665654867,-0.1206089663723383,0.2240935270520562,-0.5382081667371018
RECENT,RECENT10_Koopa_pl5_K,long_term_forecast_RECENT10_Koopa_pl5_Koopa_custom_ftMS_sl256_ll48_pl5_dm512_nh8_el2_dl1_df2048_expand2_dc4_fc3_ebtimeF_dtTrue_RECENT10,long_term_forecast_RECENT10_Koopa_pl5_Koopa_custom_ftMS_sl256_ll48_pl5_dm512_nh8_el2_dl1_df2048_expand2_dc4_fc3_ebtimeF_dtTrue_RECENT10_2,2,539,-0.017034038371800408,-0.2579691780741681,-0.007963965992010595,0.2242219621362199,-0.03551822451349483,-0.1206089663723383,0.2240935270520562,-0.5382081667371018
RECENT,RECENT10_Nonstationa,long_term_forecast_RECENT10_Nonstationary_Transformer_pl5_Nonstationary_Transformer_custom_ftMS_sl256_ll48_pl5_dm64_nh4_el2_dl1_df64_expand2_dc4_fc3_ebtimeF_dtTrue_RECENT10,long_term_forecast_RECENT10_Nonstationary_Transformer_pl5_Nonstationary_Transformer_custom_ftMS_sl256_ll48_pl5_dm64_nh4_el2_dl1_df64_expand2_dc4_fc3_ebtimeF_dtTrue_RECENT10_0,0,539,0.2406697032560643,-0.2579691780741681,0.11252090022361448,0.22411025231846265,0.5020783255543405,-0.1206089663723383,0.2240935270520562,-0.5382081667371018
RECENT,RECENT10_Nonstationa,long_term_forecast_RECENT10_Nonstationary_Transformer_pl5_Nonstationary_Transformer_custom_ftMS_sl256_ll48_pl5_dm64_nh4_el2_dl1_df64_expand2_dc4_fc3_ebtimeF_dtTrue_RECENT10,long_term_forecast_RECENT10_Nonstationary_Transformer_pl5_Nonstationary_Transformer_custom_ftMS_sl256_ll48_pl5_dm64_nh4_el2_dl1_df64_expand2_dc4_fc3_ebtimeF_dtTrue_RECENT10_1,1,539,0.298181160243699,-0.2579691780741681,0.1394093736204306,0.2240501599997261,0.6222239413736684,-0.1206089663723383,0.2240935270520562,-0.5382081667371018
RECENT,RECENT10_Nonstationa,long_term_forecast_RECENT10_Nonstationary_Transformer_pl5_Nonstationary_Transformer_custom_ftMS_sl256_ll48_pl5_dm64_nh4_el2_dl1_df64_expand2_dc4_fc3_ebtimeF_dtTrue_RECENT10,long_term_forecast_RECENT10_Nonstationary_Transformer_pl5_Nonstationary_Transformer_custom_ftMS_sl256_ll48_pl5_dm64_nh4_el2_dl1_df64_expand2_dc4_fc3_ebtimeF_dtTrue_RECENT10_2,2,539,0.45140413294160386,-0.2579691780741681,0.21104608812854198,0.2238273086719736,0.9428969565006792,-0.1206089663723383,0.2240935270520562,-0.5382081667371018
POST,POST_COVID_Naive_pl5,long_term_forecast_POST_COVID_Naive_pl5_Naive_custom_ftMS_sl128_ll48_pl5_dm512_nh8_el2_dl1_df2048_expand2_dc4_fc1_ebtimeF_dtTrue_POST_COVID,long_term_forecast_POST_COVID_Naive_pl5_Naive_custom_ftMS_sl128_ll48_pl5_dm512_nh8_el2_dl1_df2048_expand2_dc4_fc1_ebtimeF_dtTrue_POST_COVID_0,0,287,-0.28987809229611294,-0.18812561611810702,-0.25452710543073326,0.23404769685165072,-1.087501004515602,-0.16518346781102067,0.23436648255070433,-0.7048084095185575
POST,POST_COVID_Naive_pl5,long_term_forecast_POST_COVID_Naive_pl5_Naive_custom_ftMS_sl128_ll48_pl5_dm512_nh8_el2_dl1_df2048_expand2_dc4_fc1_ebtimeF_dtTrue_POST_COVID,long_term_forecast_POST_COVID_Naive_pl5_Naive_custom_ftMS_sl128_ll48_pl5_dm512_nh8_el2_dl1_df2048_expand2_dc4_fc1_ebtimeF_dtTrue_POST_COVID_1,1,287,-0.28987809229611294,-0.18812561611810702,-0.25452710543073326,0.23404769685165072,-1.087501004515602,-0.16518346781102067,0.23436648255070433,-0.7048084095185575
POST,POST_COVID_Naive_pl5,long_term_forecast_POST_COVID_Naive_pl5_Naive_custom_ftMS_sl128_ll48_pl5_dm512_nh8_el2_dl1_df2048_expand2_dc4_fc1_ebtimeF_dtTrue_POST_COVID,long_term_forecast_POST_COVID_Naive_pl5_Naive_custom_ftMS_sl128_ll48_pl5_dm512_nh8_el2_dl1_df2048_expand2_dc4_fc1_ebtimeF_dtTrue_POST_COVID_2,2,287,-0.28987809229611294,-0.18812561611810702,-0.25452710543073326,0.23404769685165072,-1.087501004515602,-0.16518346781102067,0.23436648255070433,-0.7048084095185575
POST,DLinear,long_term_forecast_POST_COVID_DLinear_pl5_DLinear_custom_ftMS_sl128_ll48_pl5_dm32_nh8_el2_dl1_df32_expand2_dc4_fc1_ebtimeF_dtTrue_POST_COVID,long_term_forecast_POST_COVID_DLinear_pl5_DLinear_custom_ftMS_sl128_ll48_pl5_dm32_nh8_el2_dl1_df32_expand2_dc4_fc1_ebtimeF_dtTrue_POST_COVID_0,0,287,-0.2841888375525922,-0.18812561611810702,-0.24953166224130036,0.2340691166945056,-1.0660597423750509,-0.16518346781102067,0.23436648255070433,-0.7048084095185575
POST,DLinear,long_term_forecast_POST_COVID_DLinear_pl5_DLinear_custom_ftMS_sl128_ll48_pl5_dm32_nh8_el2_dl1_df32_expand2_dc4_fc1_ebtimeF_dtTrue_POST_COVID,long_term_forecast_POST_COVID_DLinear_pl5_DLinear_custom_ftMS_sl128_ll48_pl5_dm32_nh8_el2_dl1_df32_expand2_dc4_fc1_ebtimeF_dtTrue_POST_COVID_1,1,287,0.30257104884249525,-0.18812561611810702,0.26567214044706927,0.23399837062686113,1.1353589332069145,-0.16518346781102067,0.23436648255070433,-0.7048084095185575
POST,DLinear,long_term_forecast_POST_COVID_DLinear_pl5_DLinear_custom_ftMS_sl128_ll48_pl5_dm32_nh8_el2_dl1_df32_expand2_dc4_fc1_ebtimeF_dtTrue_POST_COVID,long_term_forecast_POST_COVID_DLinear_pl5_DLinear_custom_ftMS_sl128_ll48_pl5_dm32_nh8_el2_dl1_df32_expand2_dc4_fc1_ebtimeF_dtTrue_POST_COVID_2,2,287,0.04094012532235205,-0.18812561611810702,0.03594742711230916,0.2345872056559511,0.15323694662628004,-0.16518346781102067,0.23436648255070433,-0.7048084095185575
POST,PatchTST,long_term_forecast_POST_COVID_PatchTST_pl5_PatchTST_custom_ftMS_sl128_ll48_pl5_dm32_nh4_el2_dl1_df64_expand2_dc4_fc3_ebtimeF_dtTrue_POST_COVID,long_term_forecast_POST_COVID_PatchTST_pl5_PatchTST_custom_ftMS_sl128_ll48_pl5_dm32_nh4_el2_dl1_df64_expand2_dc4_fc3_ebtimeF_dtTrue_POST_COVID_0,0,287,-0.2355760546241529,-0.18812561611810702,-0.20684726747486595,0.234234763200718,-0.8830767246005092,-0.16518346781102067,0.23436648255070433,-0.7048084095185575
POST,PatchTST,long_term_forecast_POST_COVID_PatchTST_pl5_PatchTST_custom_ftMS_sl128_ll48_pl5_dm32_nh4_el2_dl1_df64_expand2_dc4_fc3_ebtimeF_dtTrue_POST_COVID,long_term_forecast_POST_COVID_PatchTST_pl5_PatchTST_custom_ftMS_sl128_ll48_pl5_dm32_nh4_el2_dl1_df64_expand2_dc4_fc3_ebtimeF_dtTrue_POST_COVID_1,1,287,0.39246727929638614,-0.18812561611810702,0.3446054159675585,0.23358812790572295,1.4752693942846382,-0.16518346781102067,0.23436648255070433,-0.7048084095185575
POST,PatchTST,long_term_forecast_POST_COVID_PatchTST_pl5_PatchTST_custom_ftMS_sl128_ll48_pl5_dm32_nh4_el2_dl1_df64_expand2_dc4_fc3_ebtimeF_dtTrue_POST_COVID,long_term_forecast_POST_COVID_PatchTST_pl5_PatchTST_custom_ftMS_sl128_ll48_pl5_dm32_nh4_el2_dl1_df64_expand2_dc4_fc3_ebtimeF_dtTrue_POST_COVID_2,2,287,0.10906652168709333,-0.18812561611810702,0.09576572635939899,0.23452032413703958,0.4083472369048887,-0.16518346781102067,0.23436648255070433,-0.7048084095185575
POST,POST_COVID_iTransfor,long_term_forecast_POST_COVID_iTransformer_pl5_iTransformer_custom_ftMS_sl128_ll48_pl5_dm32_nh4_el2_dl1_df64_expand2_dc4_fc3_ebtimeF_dtTrue_POST_COVID,long_term_forecast_POST_COVID_iTransformer_pl5_iTransformer_custom_ftMS_sl128_ll48_pl5_dm32_nh4_el2_dl1_df64_expand2_dc4_fc3_ebtimeF_dtTrue_POST_COVID_0,0,287,-0.04893739976513732,-0.18812561611810702,-0.04296942418402298,0.23458250221439553,-0.18317403803950938,-0.16518346781102067,0.23436648255070433,-0.7048084095185575
POST,POST_COVID_iTransfor,long_term_forecast_POST_COVID_iTransformer_pl5_iTransformer_custom_ftMS_sl128_ll48_pl5_dm32_nh4_el2_dl1_df64_expand2_dc4_fc3_ebtimeF_dtTrue_POST_COVID,long_term_forecast_POST_COVID_iTransformer_pl5_iTransformer_custom_ftMS_sl128_ll48_pl5_dm32_nh4_el2_dl1_df64_expand2_dc4_fc3_ebtimeF_dtTrue_POST_COVID_1,1,287,0.32635411202030495,-0.18812561611810702,0.286554830066609,0.23390022575155098,1.225115662654331,-0.16518346781102067,0.23436648255070433,-0.7048084095185575
POST,POST_COVID_iTransfor,long_term_forecast_POST_COVID_iTransformer_pl5_iTransformer_custom_ftMS_sl128_ll48_pl5_dm32_nh4_el2_dl1_df64_expand2_dc4_fc3_ebtimeF_dtTrue_POST_COVID,long_term_forecast_POST_COVID_iTransformer_pl5_iTransformer_custom_ftMS_sl128_ll48_pl5_dm32_nh4_el2_dl1_df64_expand2_dc4_fc3_ebtimeF_dtTrue_POST_COVID_2,2,287,0.2742389707099666,-0.18812561611810702,0.24079519379411712,0.23410555255278415,1.0285753206978063,-0.16518346781102067,0.23436648255070433,-0.7048084095185575
POST,TimeMixer,long_term_forecast_POST_COVID_TimeMixer_pl5_TimeMixer_custom_ftMS_sl128_ll0_pl5_dm16_nh8_el2_dl1_df32_expand2_dc4_fc1_ebtimeF_dtTrue_POST_COVID,long_term_forecast_POST_COVID_TimeMixer_pl5_TimeMixer_custom_ftMS_sl128_ll0_pl5_dm16_nh8_el2_dl1_df32_expand2_dc4_fc1_ebtimeF_dtTrue_POST_COVID_0,0,287,0.27763020216030615,-0.18812561611810702,0.2437728604334393,0.2340932805385462,1.0413492428002402,-0.16518346781102067,0.23436648255070433,-0.7048084095185575
POST,TimeMixer,long_term_forecast_POST_COVID_TimeMixer_pl5_TimeMixer_custom_ftMS_sl128_ll0_pl5_dm16_nh8_el2_dl1_df32_expand2_dc4_fc1_ebtimeF_dtTrue_POST_COVID,long_term_forecast_POST_COVID_TimeMixer_pl5_TimeMixer_custom_ftMS_sl128_ll0_pl5_dm16_nh8_el2_dl1_df32_expand2_dc4_fc1_ebtimeF_dtTrue_POST_COVID_1,1,287,0.29844708761382555,-0.18812561611810702,0.2620511013194565,0.2340146297397013,1.119806490777695,-0.16518346781102067,0.23436648255070433,-0.7048084095185575
POST,TimeMixer,long_term_forecast_POST_COVID_TimeMixer_pl5_TimeMixer_custom_ftMS_sl128_ll0_pl5_dm16_nh8_el2_dl1_df32_expand2_dc4_fc1_ebtimeF_dtTrue_POST_COVID,long_term_forecast_POST_COVID_TimeMixer_pl5_TimeMixer_custom_ftMS_sl128_ll0_pl5_dm16_nh8_el2_dl1_df32_expand2_dc4_fc1_ebtimeF_dtTrue_POST_COVID_2,2,287,0.25560370441164154,-0.18812561611810702,0.22443252094680716,0.23417028669506093,0.9584158780958645,-0.16518346781102067,0.23436648255070433,-0.7048084095185575
POST,POST_COVID_Transform,long_term_forecast_POST_COVID_Transformer_pl5_Transformer_custom_ftMS_sl128_ll48_pl5_dm32_nh4_el2_dl1_df64_expand2_dc4_fc3_ebtimeF_dtTrue_POST_COVID,long_term_forecast_POST_COVID_Transformer_pl5_Transformer_custom_ftMS_sl128_ll48_pl5_dm32_nh4_el2_dl1_df64_expand2_dc4_fc3_ebtimeF_dtTrue_POST_COVID_0,0,287,-0.12321519103238435,-0.18812561611810702,-0.10818894822355699,0.2344988115487482,-0.4613624585515923,-0.16518346781102067,0.23436648255070433,-0.7048084095185575
POST,POST_COVID_Transform,long_term_forecast_POST_COVID_Transformer_pl5_Transformer_custom_ftMS_sl128_ll48_pl5_dm32_nh4_el2_dl1_df64_expand2_dc4_fc3_ebtimeF_dtTrue_POST_COVID,long_term_forecast_POST_COVID_Transformer_pl5_Transformer_custom_ftMS_sl128_ll48_pl5_dm32_nh4_el2_dl1_df64_expand2_dc4_fc3_ebtimeF_dtTrue_POST_COVID_1,1,287,-0.24029594928278591,-0.18812561611810702,-0.21099156522390958,0.23422004321552642,-0.9008262586210768,-0.16518346781102067,0.23436648255070433,-0.7048084095185575
POST,POST_COVID_Transform,long_term_forecast_POST_COVID_Transformer_pl5_Transformer_custom_ftMS_sl128_ll48_pl5_dm32_nh4_el2_dl1_df64_expand2_dc4_fc3_ebtimeF_dtTrue_POST_COVID,long_term_forecast_POST_COVID_Transformer_pl5_Transformer_custom_ftMS_sl128_ll48_pl5_dm32_nh4_el2_dl1_df64_expand2_dc4_fc3_ebtimeF_dtTrue_POST_COVID_2,2,287,0.1773622017062521,-0.18812561611810702,0.15573266491280655,0.23439224731713773,0.6644104772889391,-0.16518346781102067,0.23436648255070433,-0.7048084095185575
POST,Autoformer,long_term_forecast_POST_COVID_Autoformer_pl5_Autoformer_custom_ftMS_sl128_ll48_pl5_dm32_nh4_el2_dl1_df64_expand2_dc4_fc3_ebtimeF_dtTrue_POST_COVID,long_term_forecast_POST_COVID_Autoformer_pl5_Autoformer_custom_ftMS_sl128_ll48_pl5_dm32_nh4_el2_dl1_df64_expand2_dc4_fc3_ebtimeF_dtTrue_POST_COVID_0,0,287,-0.1039430042378931,-0.18812561611810702,-0.09126702811132077,0.2345274675007109,-0.3891528317937604,-0.16518346781102067,0.23436648255070433,-0.7048084095185575
POST,Autoformer,long_term_forecast_POST_COVID_Autoformer_pl5_Autoformer_custom_ftMS_sl128_ll48_pl5_dm32_nh4_el2_dl1_df64_expand2_dc4_fc3_ebtimeF_dtTrue_POST_COVID,long_term_forecast_POST_COVID_Autoformer_pl5_Autoformer_custom_ftMS_sl128_ll48_pl5_dm32_nh4_el2_dl1_df64_expand2_dc4_fc3_ebtimeF_dtTrue_POST_COVID_1,1,287,-0.04291809573764633,-0.18812561611810702,-0.03768418162329916,0.23458612026865377,-0.16064113929733911,-0.16518346781102067,0.23436648255070433,-0.7048084095185575
POST,Autoformer,long_term_forecast_POST_COVID_Autoformer_pl5_Autoformer_custom_ftMS_sl128_ll48_pl5_dm32_nh4_el2_dl1_df64_expand2_dc4_fc3_ebtimeF_dtTrue_POST_COVID,long_term_forecast_POST_COVID_Autoformer_pl5_Autoformer_custom_ftMS_sl128_ll48_pl5_dm32_nh4_el2_dl1_df64_expand2_dc4_fc3_ebtimeF_dtTrue_POST_COVID_2,2,287,0.18525376512286357,-0.18812561611810702,0.1626618425469047,0.23437350571520338,0.6940282863907049,-0.16518346781102067,0.23436648255070433,-0.7048084095185575
POST,FedFormer,long_term_forecast_POST_COVID_FEDformer_pl5_FEDformer_custom_ftMS_sl128_ll48_pl5_dm32_nh4_el2_dl1_df64_expand2_dc4_fc3_ebtimeF_dtTrue_POST_COVID,long_term_forecast_POST_COVID_FEDformer_pl5_FEDformer_custom_ftMS_sl128_ll48_pl5_dm32_nh4_el2_dl1_df64_expand2_dc4_fc3_ebtimeF_dtTrue_POST_COVID_0,0,287,0.34977965030957003,-0.18812561611810702,0.307123595393769,0.23379625511312888,1.3136377879327392,-0.16518346781102067,0.23436648255070433,-0.7048084095185575
POST,FedFormer,long_term_forecast_POST_COVID_FEDformer_pl5_FEDformer_custom_ftMS_sl128_ll48_pl5_dm32_nh4_el2_dl1_df64_expand2_dc4_fc3_ebtimeF_dtTrue_POST_COVID,long_term_forecast_POST_COVID_FEDformer_pl5_FEDformer_custom_ftMS_sl128_ll48_pl5_dm32_nh4_el2_dl1_df64_expand2_dc4_fc3_ebtimeF_dtTrue_POST_COVID_1,1,287,-0.11266397324371469,-0.18812561611810702,-0.09892446431155433,0.2345151029729212,-0.4218255585994257,-0.16518346781102067,0.23436648255070433,-0.7048084095185575
POST,FedFormer,long_term_forecast_POST_COVID_FEDformer_pl5_FEDformer_custom_ftMS_sl128_ll48_pl5_dm32_nh4_el2_dl1_df64_expand2_dc4_fc3_ebtimeF_dtTrue_POST_COVID,long_term_forecast_POST_COVID_FEDformer_pl5_FEDformer_custom_ftMS_sl128_ll48_pl5_dm32_nh4_el2_dl1_df64_expand2_dc4_fc3_ebtimeF_dtTrue_POST_COVID_2,2,287,-0.32426940265202403,-0.18812561611810702,-0.28472435354811854,0.23390912716521536,-1.2172434526123097,-0.16518346781102067,0.23436648255070433,-0.7048084095185575
POST,POST_COVID_TiDE_pl5_,long_term_forecast_POST_COVID_TiDE_pl5_TiDE_custom_ftMS_sl128_ll48_pl5_dm256_nh8_el2_dl2_df256_expand2_dc4_fc1_ebtimeF_dtTrue_POST_COVID,long_term_forecast_POST_COVID_TiDE_pl5_TiDE_custom_ftMS_sl128_ll48_pl5_dm256_nh8_el2_dl2_df256_expand2_dc4_fc1_ebtimeF_dtTrue_POST_COVID_0,0,287,0.018638802962029088,-0.18812561611810702,0.016365778210562117,0.234595899934448,0.06976156964011361,-0.16518346781102067,0.23436648255070433,-0.7048084095185575
POST,POST_COVID_TiDE_pl5_,long_term_forecast_POST_COVID_TiDE_pl5_TiDE_custom_ftMS_sl128_ll48_pl5_dm256_nh8_el2_dl2_df256_expand2_dc4_fc1_ebtimeF_dtTrue_POST_COVID,long_term_forecast_POST_COVID_TiDE_pl5_TiDE_custom_ftMS_sl128_ll48_pl5_dm256_nh8_el2_dl2_df256_expand2_dc4_fc1_ebtimeF_dtTrue_POST_COVID_1,1,287,-0.20425949300023655,-0.18812561611810702,-0.1793497987319152,0.23432501419713941,-0.7653890445559809,-0.16518346781102067,0.23436648255070433,-0.7048084095185575
POST,POST_COVID_TiDE_pl5_,long_term_forecast_POST_COVID_TiDE_pl5_TiDE_custom_ftMS_sl128_ll48_pl5_dm256_nh8_el2_dl2_df256_expand2_dc4_fc1_ebtimeF_dtTrue_POST_COVID,long_term_forecast_POST_COVID_TiDE_pl5_TiDE_custom_ftMS_sl128_ll48_pl5_dm256_nh8_el2_dl2_df256_expand2_dc4_fc1_ebtimeF_dtTrue_POST_COVID_2,2,287,0.12680204215508986,-0.18812561611810702,0.1113383784776399,0.2344929411081061,0.4748048190768805,-0.16518346781102067,0.23436648255070433,-0.7048084095185575
POST,TimesNet,long_term_forecast_POST_COVID_TimesNet_pl5_TimesNet_custom_ftMS_sl128_ll48_pl5_dm32_nh8_el2_dl1_df32_expand2_dc4_fc1_ebtimeF_dtTrue_POST_COVID,long_term_forecast_POST_COVID_TimesNet_pl5_TimesNet_custom_ftMS_sl128_ll48_pl5_dm32_nh8_el2_dl1_df32_expand2_dc4_fc1_ebtimeF_dtTrue_POST_COVID_0,0,287,0.18812439266434938,-0.18812561611810702,0.16518239355894102,0.2343664855657312,0.7048038168094364,-0.16518346781102067,0.23436648255070433,-0.7048084095185575
POST,TimesNet,long_term_forecast_POST_COVID_TimesNet_pl5_TimesNet_custom_ftMS_sl128_ll48_pl5_dm32_nh8_el2_dl1_df32_expand2_dc4_fc1_ebtimeF_dtTrue_POST_COVID,long_term_forecast_POST_COVID_TimesNet_pl5_TimesNet_custom_ftMS_sl128_ll48_pl5_dm32_nh8_el2_dl1_df32_expand2_dc4_fc1_ebtimeF_dtTrue_POST_COVID_1,1,287,0.17707500372598756,-0.18812561611810702,0.15548049107647682,0.23439291396952666,0.6633327281245831,-0.16518346781102067,0.23436648255070433,-0.7048084095185575
POST,TimesNet,long_term_forecast_POST_COVID_TimesNet_pl5_TimesNet_custom_ftMS_sl128_ll48_pl5_dm32_nh8_el2_dl1_df32_expand2_dc4_fc1_ebtimeF_dtTrue_POST_COVID,long_term_forecast_POST_COVID_TimesNet_pl5_TimesNet_custom_ftMS_sl128_ll48_pl5_dm32_nh8_el2_dl1_df32_expand2_dc4_fc1_ebtimeF_dtTrue_POST_COVID_2,2,287,-0.09796231206033588,-0.18812561611810702,-0.0860156886383438,0.23453537102492233,-0.3667493234067605,-0.16518346781102067,0.23436648255070433,-0.7048084095185575
POST,POST_COVID_Crossform,long_term_forecast_POST_COVID_Crossformer_pl5_Crossformer_custom_ftMS_sl128_ll48_pl5_dm32_nh4_el2_dl1_df32_expand2_dc4_fc1_ebtimeF_dtTrue_POST_COVID,long_term_forecast_POST_COVID_Crossformer_pl5_Crossformer_custom_ftMS_sl128_ll48_pl5_dm32_nh4_el2_dl1_df32_expand2_dc4_fc1_ebtimeF_dtTrue_POST_COVID_0,0,287,0.19525178451178238,-0.18812561611810702,0.17144059127863812,0.23434858777403497,0.7315622974606769,-0.16518346781102067,0.23436648255070433,-0.7048084095185575
POST,POST_COVID_Crossform,long_term_forecast_POST_COVID_Crossformer_pl5_Crossformer_custom_ftMS_sl128_ll48_pl5_dm32_nh4_el2_dl1_df32_expand2_dc4_fc1_ebtimeF_dtTrue_POST_COVID,long_term_forecast_POST_COVID_Crossformer_pl5_Crossformer_custom_ftMS_sl128_ll48_pl5_dm32_nh4_el2_dl1_df32_expand2_dc4_fc1_ebtimeF_dtTrue_POST_COVID_1,1,287,-0.1303315202978198,-0.18812561611810702,-0.11443743245662216,0.23448699999792472,-0.4880331637047468,-0.16518346781102067,0.23436648255070433,-0.7048084095185575
POST,POST_COVID_Crossform,long_term_forecast_POST_COVID_Crossformer_pl5_Crossformer_custom_ftMS_sl128_ll48_pl5_dm32_nh4_el2_dl1_df32_expand2_dc4_fc1_ebtimeF_dtTrue_POST_COVID,long_term_forecast_POST_COVID_Crossformer_pl5_Crossformer_custom_ftMS_sl128_ll48_pl5_dm32_nh4_el2_dl1_df32_expand2_dc4_fc1_ebtimeF_dtTrue_POST_COVID_2,2,287,-0.18812561611810702,-0.18812561611810702,-0.16518346781102067,0.23436648255070433,-0.7048084095185575,-0.16518346781102067,0.23436648255070433,-0.7048084095185575
POST,POST_COVID_TSMixer_p,long_term_forecast_POST_COVID_TSMixer_pl5_TSMixer_custom_ftMS_sl128_ll48_pl5_dm32_nh4_el2_dl1_df64_expand2_dc4_fc3_ebtimeF_dtTrue_POST_COVID,long_term_forecast_POST_COVID_TSMixer_pl5_TSMixer_custom_ftMS_sl128_ll48_pl5_dm32_nh4_el2_dl1_df64_expand2_dc4_fc3_ebtimeF_dtTrue_POST_COVID_0,0,287,-0.3286878407119084,-0.18812561611810702,-0.2886039576982609,0.23389019298354716,-1.2339292811587126,-0.16518346781102067,0.23436648255070433,-0.7048084095185575
POST,POST_COVID_TSMixer_p,long_term_forecast_POST_COVID_TSMixer_pl5_TSMixer_custom_ftMS_sl128_ll48_pl5_dm32_nh4_el2_dl1_df64_expand2_dc4_fc3_ebtimeF_dtTrue_POST_COVID,long_term_forecast_POST_COVID_TSMixer_pl5_TSMixer_custom_ftMS_sl128_ll48_pl5_dm32_nh4_el2_dl1_df64_expand2_dc4_fc3_ebtimeF_dtTrue_POST_COVID_1,1,287,0.04221416935853726,-0.18812561611810702,0.03706609992456932,0.23458651240885617,0.15800609994136217,-0.16518346781102067,0.23436648255070433,-0.7048084095185575
POST,POST_COVID_TSMixer_p,long_term_forecast_POST_COVID_TSMixer_pl5_TSMixer_custom_ftMS_sl128_ll48_pl5_dm32_nh4_el2_dl1_df64_expand2_dc4_fc3_ebtimeF_dtTrue_POST_COVID,long_term_forecast_POST_COVID_TSMixer_pl5_TSMixer_custom_ftMS_sl128_ll48_pl5_dm32_nh4_el2_dl1_df64_expand2_dc4_fc3_ebtimeF_dtTrue_POST_COVID_2,2,287,-0.0210100672329374,-0.18812561611810702,-0.018447863911847363,0.23459528473839397,-0.07863697658040855,-0.16518346781102067,0.23436648255070433,-0.7048084095185575
POST,POST_COVID_Koopa_pl5,long_term_forecast_POST_COVID_Koopa_pl5_Koopa_custom_ftMS_sl128_ll48_pl5_dm512_nh8_el2_dl1_df2048_expand2_dc4_fc3_ebtimeF_dtTrue_POST_COVID,long_term_forecast_POST_COVID_Koopa_pl5_Koopa_custom_ftMS_sl128_ll48_pl5_dm512_nh8_el2_dl1_df2048_expand2_dc4_fc3_ebtimeF_dtTrue_POST_COVID_0,0,287,0.10494851715417855,-0.18812561611810702,0.09214991750122993,0.23452609270350486,0.3929196808720499,-0.16518346781102067,0.23436648255070433,-0.7048084095185575
POST,POST_COVID_Koopa_pl5,long_term_forecast_POST_COVID_Koopa_pl5_Koopa_custom_ftMS_sl128_ll48_pl5_dm512_nh8_el2_dl1_df2048_expand2_dc4_fc3_ebtimeF_dtTrue_POST_COVID,long_term_forecast_POST_COVID_Koopa_pl5_Koopa_custom_ftMS_sl128_ll48_pl5_dm512_nh8_el2_dl1_df2048_expand2_dc4_fc3_ebtimeF_dtTrue_POST_COVID_1,1,287,0.3047351764161298,-0.18812561611810702,0.2675723500239187,0.23398974861979344,1.1435216782026343,-0.16518346781102067,0.23436648255070433,-0.7048084095185575
POST,POST_COVID_Koopa_pl5,long_term_forecast_POST_COVID_Koopa_pl5_Koopa_custom_ftMS_sl128_ll48_pl5_dm512_nh8_el2_dl1_df2048_expand2_dc4_fc3_ebtimeF_dtTrue_POST_COVID,long_term_forecast_POST_COVID_Koopa_pl5_Koopa_custom_ftMS_sl128_ll48_pl5_dm512_nh8_el2_dl1_df2048_expand2_dc4_fc3_ebtimeF_dtTrue_POST_COVID_2,2,287,-0.11018898673640154,-0.18812561611810702,-0.09675130542708422,0.23451871324304965,-0.41255260225998874,-0.16518346781102067,0.23436648255070433,-0.7048084095185575
POST,POST_COVID_Nonstatio,long_term_forecast_POST_COVID_Nonstationary_Transformer_pl5_Nonstationary_Transformer_custom_ftMS_sl128_ll48_pl5_dm32_nh4_el2_dl1_df32_expand2_dc4_fc3_ebtimeF_dtTrue_POST_COVID,long_term_forecast_POST_COVID_Nonstationary_Transformer_pl5_Nonstationary_Transformer_custom_ftMS_sl128_ll48_pl5_dm32_nh4_el2_dl1_df32_expand2_dc4_fc3_ebtimeF_dtTrue_POST_COVID_0,0,287,-0.09449925053916525,-0.18812561611810702,-0.08297495169292561,0.23453973331399666,-0.35377780353250665,-0.16518346781102067,0.23436648255070433,-0.7048084095185575
POST,POST_COVID_Nonstatio,long_term_forecast_POST_COVID_Nonstationary_Transformer_pl5_Nonstationary_Transformer_custom_ftMS_sl128_ll48_pl5_dm32_nh4_el2_dl1_df32_expand2_dc4_fc3_ebtimeF_dtTrue_POST_COVID,long_term_forecast_POST_COVID_Nonstationary_Transformer_pl5_Nonstationary_Transformer_custom_ftMS_sl128_ll48_pl5_dm32_nh4_el2_dl1_df32_expand2_dc4_fc3_ebtimeF_dtTrue_POST_COVID_1,1,287,0.00014281911602941153,-0.18812561611810702,0.00012540215066005566,0.23459817299302949,0.0005345401844360556,-0.16518346781102067,0.23436648255070433,-0.7048084095185575
POST,POST_COVID_Nonstatio,long_term_forecast_POST_COVID_Nonstationary_Transformer_pl5_Nonstationary_Transformer_custom_ftMS_sl128_ll48_pl5_dm32_nh4_el2_dl1_df32_expand2_dc4_fc3_ebtimeF_dtTrue_POST_COVID,long_term_forecast_POST_COVID_Nonstationary_Transformer_pl5_Nonstationary_Transformer_custom_ftMS_sl128_ll48_pl5_dm32_nh4_el2_dl1_df32_expand2_dc4_fc3_ebtimeF_dtTrue_POST_COVID_2,2,287,-0.29956319089498373,-0.18812561611810702,-0.26303109444437606,0.23401025152855107,-1.1240152631188647,-0.16518346781102067,0.23436648255070433,-0.7048084095185575
